seqs,fitness
MKKYHNRRKNRVEDFINKLTSQLSKLFPDAIFIFEDLKKFNMYDKNSNFNRNLDRTNWRKIAKKLEYKSVVLYVNWHYTSKTCPVCGSKMKSQEGQVFKCPKCGIFDRDFVRCYNIFKRGVELAKKLMGGVGVPTAGAEVDDLLSNEPRGELRLVKPNPNVEAKLPVRKSNRRFELQNPKDFVQIFDFPLMVYTVDLNGKYLKIYNCP,1.17145788669586
MKKYHNRRKNRVEDFHNKLTSQLSKLFPDAIFIFEDLDKFNMYDKNSNFNRNLDRTNWRKIAKKIEYKSVVLYVNWHYTSKTCPVCGHKMKSQEGQVFKCDKCGIFDRQFVRCYNIFKRGVELAKELLGNVGVPVAGAEVDDLLSNEPRGELRLVKPNPNVEAKLPVRKSNRRFELQNPKDFVQIFDFPLMVYTVDLNGKYLKIYNCP,0.740065097808838
MKKYWNRRKNRVEDFINKLTSQLSKLYPDAIFIFEDLKKFNMYKKNSNFNRRLDRTNWYKIAKKLEYKSVVLYVNPHYTSQTCPVCGSKMKSQEGQVWHCDKCGIFDRQFVRCYNIFKRGVELAKKLLGGVGVPVAGAEVDDLLSNEPRGFGRLVKPNPNVEAKLPVRKSNRRFELQNPKDFVQIFDFPLMVYTVDLNGKYLKIYNCP,1.35950255393982
MKKYWNRRKNRVEDFINKLTSQLSKLFPDAIFIFEDLDKFNMYDKNSNFNRNLDRTNWRKIAKKLEYKSVVLYVNPHYTSKTCPVCGYKMKSQEGQVVHCPKCGYFNRQFVACYNIFKRGVELAKELLGGVGVPVTGAEVDDLLSNEPRGELKLVKPNPNVEAKLPVRKSNRRFELQNPKDFVQIFDFPLMVYTVDLNGKYLKIYNCP,1.0150043964386
MKKYWNRRKNRVEDFINKLTSWLSKLFPDAIIIFEDLDKFNMYDKNSNFNRNLDRWNWRKIAKKLEFKSVVLYVNPHYTSKTCPVCGSKMKSQEGQVWKCPKCGIFNRDFVRCYNIFKRGVELAKELLGGVGVPVAGAEVDDLLSNEPRGELRLVKPNPNVEAKLPVRKSNRRFELQNPKDFVQIFDFPLMVYTVDLNGKYLKIYNCP,0.94822895526886
MKKYWNRRKNRVEDFINKLTSQLSKLFPDAIFIFENLDKFNMYDKNSNFNRNLDRTNFRKIAKKIEFKSVVLYVNPHYTSKTCPVCGSKMKSQEGQVWHCDKCGIFDRDFNRCYNIFKRGVELAKKLLNGVGVPVTGAEVDDLLSNEPRGELRLVKPNPNVEAKLPVRKSNRRFELQNPKDFVQIFDFPLMVYTVDLNGKYLKIYNCP,1.13908815383911
MKKYYNKRKNRVEDFINKLTSQLSKLYPDAIFIFEDLKKFNMYDKNSNFNRNLDRTNWRKIAKKLEYKSVVLYVNPHYTSKTCPVCGSKMKSQEGQVVKCPKCGWFDRQFVRCFNIFKRGVELAKELMGGVGVPVAGAEVDDLLSNEPRGELRLVKPNPNVEAKLPVRKSNRRFELQNPKDFVQIFDFPLMVYTVDLNGKYLKIYNCP,0.789957761764526
MKKYWNRRKNRVEDFINKLTSWLSKLFPDAIFIFEDLDKFNMYDKNSNFNRNLDRWNWRKIAKWLEYKSVVLYVNWHYTSQTCPVCGSKMKSQEGQVVKCDKCGIHNRQFVRCFNIFKRGVELAKKLLNGVGVPTAGAEVDDLLSNEPRGELRLVKPNPNVEAKLPVRKSNRRFELQNPKDFVQIFDFPLMVYTVDLNGKYLKIYNCP,0.88479220867157
MKKYYNKRKNRVEDFINKLTSQLSKLFPDAIFIFEDLDKFNMYDKNSNFNRNLDRTNWRKIAKKLEWKSVVLYVNPHYTSKTCPVCGHKMKSQEGQVVKCDKCGIHDRDFVRCYNIFKRGVELAKKLLGGVGVPVAGAEVDDLLSNEPRGFLKLMKPNPNVEAKLPVRKSNRRFELQNPKDFVQIFDFPLMVYTVDLNGKYLKIYNCP,1.13147234916687
MKKYHNRRKNRVEDFINKLTSQLSKLFPDAIFIFEDLDKFNMYDKNSNFNRNLDRTNWRKIQKKLEWKSVVLYVNPHYTSKTCPVCGSKMKSQEGQVVHCDKCGIFDRQFVRCYNIFKRGVELAKKLLGGVGVPVAGAEVDDLLSNEPRGEGKLVKPNPNVEAKLPVRKSNRRFELQNPKDFVQIFDFPLMVYTVDLNGKYLKIYNCP,1.06683158874512
MKKYWNRRKNRVEDFINKWTSQLSKLFPDAIFIFENLDKFNMYDKNSNFNRNLDRTNWRKIAKKLEYKSVVLYVNWHYTSKTCPVCGSKMKSQEGQVVKCDKCGYFDRQFVRCYNIFKRGVELAKKLMGGVGVPVAGAEVDDLLSNEPRGEGKLVKPNPNVEAKLPVRKSNRRFELQNPKDFVQIFDFPLMVYTVDLNGKYLKIYNCP,0.871728658676147
MKKYWNRRKNRVEDFINKLTSQLVKLFPDAIIIFEDLDKFNMYDKNSNFNRNLDRTNWRKIAKKLEYKSVVLYVNPHYTSKTCPVCGSKMKSQEGQVWKCDKCGIHDRQFVRCFNIFKRGVELAKKLMGGVGVPVAGAEVDDLLSNEPRGELRLVKPNPNVEAKLPVRKSNRRFELQNPKDFVQIFDFPLMVYTVDLNGKYLKIYNCP,0.836104571819305
MKKYHNRRKNRVEDFINKLTSQLSKLFPDAIFIFEDLDKFNMYDKNSNFNRNLDRTNWYKIAKKLEYKSVVLYVNPHYTSKTCPVCGSKMKSQEGQVWKCDKCGYFDRQFVRCYNIFKRGVELAKELLGGVGVPVAGAEVDDLLSNEPRGELRLVKPNPNVEAKLPVRKSNRRFELQNPKDFVQIFDFPLMVYTVDLNGKYLKIYNCP,0.771299123764038
MKKYWNRRKNRREDFINKLTSWLVKLFPDAIFIFEDLDKFNMYDKNSNFNRNLDRTNWRKIQKKLEYKSVVLYVNPHYTSKTCPVCGSKMKSQEGRVFKCDKCGIFDRQFVACYNIFKRGVELAKKLLNGVGVPVAGAEVDDLLSNEPRGELKLMKPNPNVEAKLPVRKSNRRFELQNPKDFVQIFDFPLMVYTVDLNGKYLKIYNCP,0.940459966659546
MKKYWNRRKNRVEDFINKLTSQLSKLFPDAIFIMENLDKFNMYDKNSNFNRNLDRTNWRKIAKKLEWKSVVLYVNPHYTSKTCPVCGSKMKSQEGRVVKCDKCGYFDRQFVACFNIFKRGVELAKKLLGGVGVPVAGAEVDDLLSNEPRGELRLVKPNPNVEAKLPVRKSNRRFELQNPKDFVQIFDFPLMVYTVDLNGKYLKIYNCP,0.918873250484467
MKKYWNRRKNRVEDFINKLTSQLSKLFPDAIFIFEDLDKFNMYDKNSNFNRNLDRTNYRKFAKKLEYKSVVLYVNWHYTSKTCPVCGSKMKSQEGQVVKCDKCGYFDRQFNRCYNIFKRGVELAKKLLGGVGVPVTGAEVDDLLSNEPRGELKLVKPNPNVEAKLPVRKSNRRFELQNPKDFVQIFDFPLMVYTVDLNGKYLKIYNCP,1.27675271034241
MKRYWNRRKNRVEDFINKLTSWLSKLFPDAIFIFEDLDKFNMYDKNSNFNRNLDRTNYRKIQKKLEYKSVVLYVNPHYTSKTCPVCGYKMKSQEGQVVKCDKCGYFNRQFVRCYNIFKRGVELAKKLLGGVGVPVAGAEVDDLLSNEPRGELRLVKPNPNVEAKLPVRKSNRRFELQNPKDFVQIFDFPLMVYTVDLNGKYLKIYNCP,0.827506065368652
MKKYWNRRKNRVEDFINKLTSQLSKLFPDAIFIMEDLDKFNMYDKNSNFNRNLDRWNWRKIAKWLEYKSVVLYVNPHYTSKTCPVCGSKMKSQEGQVVKCPKCGIFDRQFVRCYNIFKRGVELAKKLMGGVGVPVTGAEVDDLLSNEPRGELRLVKPNPNVEAKLPVRKSNRRFELQNPKDFVQIFDFPLMVYTVDLNGKYLKIYNCP,0.859051048755646
MKKYWNRRKNRVEDFINKLTSQLSKLFPDAIFIFEDLDKFNMYDKNSNFNRNLDRTNWRKIAKWLEYKSVVLYVNPHYTSKTCPVCGSKMKSQEGQVWKCPKCGWFDRQFVRCYNIFKRGVELAKELLGNVGVPVAGAEVDDLLSNEPRGELRLVKPNPNVEAKLPVRKSNRRFELQNPKDFVQIFDFPLMVYTVDLNGKYLKIYNCP,0.736629724502563
MKKYYNRRKNRVEDFINKLTSQLSKLFPDAIFIFEDLDKFNMYDKNSYFNRNLDRWNWRKIQKKLEWKSVVLYVNPHYTSKTCPVCGSKMKSQEGRVWKCDKCGIFDRQFVRCYNIFKRGVELAKKLLNGVGVPVAGAEVDDLLSNEPRGELKLVKPNPNVEAKLPVRKSNRRFELQNPKDFVQIFDFPLMVYTVDLNGKYLKIYNCP,1.27072501182556
MKKYWNRRKNRVEDFIHKLTSQLSKLFPDAIFIMEDLDKFNMYDKNSNFNRNLDRTNWRKIAKKLEFKSVVLYVNPHYTSKTCPVCGSKMKSQEGQVVHCPKCGIFDRDFNRCYNIFKRGVELAKELMGGVGVPVAGAEVDDLLSNEPRGELRLVKPNPNVEAKLPVRKSNRRFELQNPKDFVQIFDFPLMVYTVDLNGKYLKIYNCP,1.04040336608887
MKKYWNRRKNRVEDFINKLTSWLSKLFPDAIFIFEDLDKFNMYDKNSNFNRNIDRWNYRKIAKKIEYKSVVLYVNPHYTSKTCPVCGSKMKSQEGQVVKCDKCGIFNRQFVRCYNIFKRGVELAKKLLNGVGVPVAGAEVDDLLSNEPRGFLRLVKPNPNVEAKLPVRKSNRRFELQNPKDFVQIFDFPLMVYTVDLNGKYLKIYNCP,1.00819754600525
MKKYWNRRKNRVEDFINKLTSQLSKLFPDAIFIFEDLDKFNMYDKNSNFNRNLDRTNYRKIAKKLEYKSVVLYVNWHYTSKTCPVCGSKMKSQEGQVVKCDKCGIFDRQFVACYNIFKRGVELAKELLGGVGVPTAGAEVDDLLSNEPRGFLRLVKPNPNVEAKLPVRKSNRRFELQNPKDFVQIFDFPLMVYTVDLNGKYLKIYNCP,0.847620368003845
MKKYWNRRKNRVEDFINKLTSWLSKLFPDAIFIMEDLDKFNMYDKNSNFNRNLDRTNWRKIAKWLEYKSVVLYVNPHYTSKTCPVCGSKMKSQEGQVVKCPKCGWFDRQFVRCFNIFKRGVELAKKLLGGVGVPVAGAEVDDLLSNEPRGELKLVKPNPNVEAKLPVRKSNRRFELQNPKDFVQIFDFPLMVYTVDLNGKYLKIYNCP,0.880822896957397
MKKYHNRRKNRVEDFINKLTSWLVKLFPDAIFIFEDLDKFNMYDKNSNFNRNLDRTNWRKIAKWLEYKSVVLYVNWHYTSKTCPVCGSKMKSQEGQVVKCDKCGIFDRQFVRCYNIFKRGVELAKKLLGGVGVPVAGAEVDDLLSNEPRGFLRLVKPNPNVEAKLPVRKSNRRFELQNPKDFVQIFDFPLMVYTVDLNGKYLKIYNCP,0.77813059091568
MKKYHNRRKNRREDFINKLTSQLVKLFPDAIFIFEDLDKFNMYDKNSNFNRNLDRTNWRKIAKKLEYKSVVLYVNPHYTSKTCPVCGSKMKSQEGQVWKCPKCGIFDRDFVRCYNIFKRGVELAKKLLNGVGVPVAGAEVDDLLSNEPRGELRLVKPNPNVEAKLPVRKSNRRFELQNPKDFVQIFDFPLMVYTVDLNGKYLKIYNCP,1.06116104125977
MKKYWNRRKNRVEDFIHKLTSQLSKLFPDAIFIFEDLDKFNMYDKNSNFNRNLDRTNWRKIAKKLEWKSVVLYVNPHYTSKTCPVCGSKMKSQEGQVVKCPKCGIFDRQFNRCYNIFKRGVELAKKLLGGVGVPVAGAEVDDLLSNEPRGEGRLVKPNPNVEAKLPVRKSNRRFELQNPKDFVQIFDFPLMVYTVDLNGKYLKIYNCP,1.15357089042664
MKKYWNRRKNRVEDFINKLTSQLSKLFPDAIFIFEDLDKFNMYDKNSNFNRNLDRTNWRKIAKKLEWKSVVLYVNPHYTSKTCPVCGSKMKSQEGQVVKCDKCGIHDRQFNRCFNIFKRGVELAKELLGGVGVPVAGAEVDDLLSNEPRGELRLVKPNPNVEAKLPVRKSNRRFELQNPKDFVQIFDFPLMVYTVDLNGKYLKIYNCP,0.960472166538238
MKRYHNRRKNRVEDFINKLTSWLSKLFPDAIFIFEDLDKFNMYDKNSNFNRNLDRTNWRKIAKKLEYKSVVLYVNPHYTSKTCPVCGHKMKSQEGQVVKCDKCGIHNRQFVRCYNIFKRGVELAKELLGGVGVPVAGAEVDDLLSNEPRGELRLVKPNPNVEAKLPVRKSNRRFELQNPKDFVQIFDFPLMVYTVDLNGKYLKIYNCP,0.784158766269684
MKKYWNRRKNRVEDFIHKLTSQLSKLFPDAIFIFEDLDKFNMYDKNSNFNRNLDRTNWRKIAKKLEYKSVVLYVNPHYTSKTCPVCGSKMKSQEGQVVKCDKCGWFDRQFVRCYNIFKRGVELAKKLMGGVGVPVTGAEVDDLLSNEPRGFLRLVKPNPNVEAKLPVRKSNRRFELQNPKDFVQIFDFPLMVYTVDLNGKYLKIYNCP,0.948801636695862
MKKYWNRRKNRVEDFINKLTSWLSKLFPDAIFIFEDLDKFNMYDKNSNFNRRLDRTNWRKIAKKLEWKSVVLYVNPHYTSKTCPVCGSKMKSQEGQVFHCDKCGIFNRQFVACYNIFKRGVELAKKLLGGVGVPVTGAEVDDLLSNEPRGFLRLMKPNPNVEAKLPVRKSNRRFELQNPKDFVQIFDFPLMVYTVDLNGKYLKIYNCP,1.15200662612915
MKKYWNKRKNRVEDFIHKLTSQLSKLFPDAIFIFEDLDKFNMYDKNSNFNRNLDRTNFRKIAKKIEFKSVVLYVNPHYTSKTCPVCGSKMKSQEGQVVKCPKCGYFDRQFNRCYNIFKRGVELAKKLLGGVGVPVAGAEVDDLLSNEPRGELRLVKPNPNVEAKLPVRKSNRRFELQNPKDFVQIFDFPLMVYTVDLNGKYLKIYNCP,0.701138138771057
MKKYWNRRKNRVEDFINKLTSQLSKLYPDAIFIFEDLDKFNMYDKNSNFNRNLDRTNFRKIAKKLEWKSVVLYVNPHYTSKTCPVCGSKMKSQEGQVVHCDKCGIFDRQFVRCYNIFKRGVELAKKLLGGVGVPTAGAEVDDLLSNEPRGFLKLVKPNPNVEAKLPVRKSNRRFELQNPKDFVQIFDFPLMVYTVDLNGKYLKIYNCP,1.17607569694519
MKKYHNRRKNRVEDFINKLTSWLSKLYPDAIFIFEDLKKFNMYKKNSNFNRNIDRTNWRKIAKKLEFKSVVLYVNPHYTSKTCPVCGSKMKSQEGQVVKCDKCGIHDRDFVRCFNIFKRGVELAKKLLGGVGVPVAGAEVDDLLSNEPRGELRLVKPNPNVEAKLPVRKSNRRFELQNPKDFVQIFDFPLMVYTVDLNGKYLKIYNCP,1.2948431968689
MKKYWNKRKNRVEDYINKLTSQLSKLFPDAIFIFEDLKKFNMYDKNSNFNRNLDRTNWRKIAKWLEWKSVVLYVNPHYTSKTCPVCGYKMKSQEGQVWHCDKCGIFDRQFVRCYNIFKRGVELAKKLLGGVGVPVAGAEVDDLLSNEPRGELRLVKPNPNVEAKLPVRKSNRRFELQNPKDFVQIFDFPLMVYTVDLNGKYLKIYNCP,0.510561883449554
MKKYWNKRKNRVEDFINKLTSQLSKLFPDAIFIFEDLDKFNMYDKNSNFNRNIDRTNYRKIAKKLEYKSVVLYVNPHYTSKTCPVCGSKMKSQEGQVFKCDKCGIFDRQFNACFNIFKRGVELAKKLLGGVGVPVAGAEVDDLLSNEPRGEGRLVKPNPNVEAKLPVRKSNRRFELQNPKDFVQIFDFPLMVYTVDLNGKYLKIYNCP,0.841415524482727
MKKYWNRRKNRVEDFINKLTSQLSKLFPDAIFIFEDLDKFNMYDKNSNFNRNLDRTNYRKIAKWLEYKSVVLYVNPHYTSKTCPVCGSKMKSQEGQVVKCDKCGIFNRQFVRCYNIFKRGVELAKKLMGGVGVPVAGAEVDDLLSNEPRGELKLVKPNPNVEAKLPVRKSNRRFELQNPKDFVQIFDFPLMVYTVDLNGKYLKIYNCP,1.10059905052185
MKKYYNRRKNRVEDFINKLTSQLVKLFPDAIFIFEDLKKFNMYDKNSNFNRNLDRTNWYKIAKKLEYKSVVLYVNPHYTSKTCPVCGHKMKSQEGQVVHCDKCGIFDRDFVRCYNIFKRGVELAKKLMGGVGVPVTGAEVDDLLSNEPRGELRLMKPNPNVEAKLPVRKSNRRFELQNPKDFVQIFDFPLMVYTVDLNGKYLKIYNCP,1.03249287605286
MKRYWNRRKNRVEDFINKLTSQLSKLFPDAIFIMEDLDKFNMYDKNSNFNRNLDRTNWRKIAKWLEYKSVVLYVNWHYTSKTCPVCGSKMKSQEGQVVKCDKCGIFDRQFVRCYNIFKRGVELAKKLLGGVGVPVTGAEVDDLLSNEPRGEGRLVKPNPNVEAKLPVRKSNRRFELQNPKDFVQIFDFPLMVYTVDLNGKYLKIYNCP,0.790945172309875
MKKYWNRRKNRVEDFINKLTSWLSKLFPDAIFIFEDLDKFNMYDKNSYFNRNLDRTNWRKIAKKLEWKSVVLYVNWHYTSKTCPVCGSKMKSQEGQVFKCDKCGWFDRQFVRCFNIFKRGVELAKKLMNGVGVPVTGAEVDDLLSNEPRGELRLVKPNPNVEAKLPVRKSNRRFELQNPKDFVQIFDFPLMVYTVDLNGKYLKIYNCP,0.823243916034698
MKKYWNKRKNRVEDYIHKLTSQLSKLFPDAIFIMEDLDKFNMYDKNSNFNRNLDRTNWRKIAKKLEYKSVVLYVNPHYTSKTCPVCGSKMKSQEGQVWKCPKCGIFNRDFVRCYNIFKRGVELAKKLLNNVGVPVAGAEVDDLLSNEPRGELRLVKPNPNVEAKLPVRKSNRRFELQNPKDFVQIFDFPLMVYTVDLNGKYLKIYNCP,0.564308762550354
MKKYWNRRKNRVEDFINKLTSQLSKLFPDAIFIFEDLKKFNMYDKNSNFNRNLDRTNWYKIAKKLEYKSVVLYVNPHYTSKTCPVCGSKMKSQEGQVVHCPKCGYFDRQFNACYNIFKRGVELAKELLGGVGVPVAGAEVDDLLSNEPRGELKLVKPNPNVEAKLPVRKSNRRFELQNPKDFVQIFDFPLMVYTVDLNGKYLKIYNCP,0.960828721523285
MKKYHNRRKNRVEDFINKWTSQLSKLFPDAIIIFEDLDKFNMYDKNSNFNRNIDRTNWRKFAKKLEYKSVVLYVNPHYTSQTCPVCGSKMKSQEGQVWKCDKCGIFDRQFNRCYNIFKRGVELAKKLLGNVGVPVAGAEVDDLLSNEPRGEGRLVKPNPNVEAKLPVRKSNRRFELQNPKDFVQIFDFPLMVYTVDLNGKYLKIYNCP,0.946403324604034
MKRYWNRRKNRVEDFINKLTSQLSKLFPDAIIIMEDLDKFNMYDKNSNFNRNLDRTNWRKIAKKLEYKSVVLYVNPHYTSKTCPVCGSKMKSQEGRVVKCDKCGIFDRQFVRCYNIFKRGVELAKKLLGNVGVPTAGAEVDDLLSNEPRGEGRLVKPNPNVEAKLPVRKSNRRFELQNPKDFVQIFDFPLMVYTVDLNGKYLKIYNCP,0.837859869003296
MKKYWNRRKNRVEDFINKLTSWLSKLFPDAIFIFEDLDKFNMYDKNSNFNRNLDRTNWYKIAKWLEYKSVVLYVNWHYTSKTCPVCGSKMKSQEGQVVKCPKCGIFDRQFVRCYNIFKRGVELAKKLMGGVGVPVAGAEVDDLLSNEPRGFLRLVKPNPNVEAKLPVRKSNRRFELQNPKDFVQIFDFPLMVYTVDLNGKYLKIYNCP,0.753725171089172
MKKYWNRRKNRVEDFINKLTSQLSKLFPDAIFIFEDLDKFNMYDKNSNFNRNLDRTNWRKIAKKIEWKSVVLYVNPHYTSQTCPVCGSKMKSQEGQVFHCDKCGIFNRQFVRCYNIFKRGVELAKELLGNVGVPVAGAEVDDLLSNEPRGELRLVKPNPNVEAKLPVRKSNRRFELQNPKDFVQIFDFPLMVYTVDLNGKYLKIYNCP,0.882001101970673
MKKYWNRRKNRVEDFINKLTSWLSKLFPDAIFIFEDLDKFNMYDKNSNFNRNLDRWNWRKIAKKLEYKSVVLYVNWHYTSKTCPVCGSKMKSQEGQVVKCDKCGIFDRQFVRCYNIFKRGVELAKKLLNGVGVPVTGAEVDDLLSNEPRGEGRLVKPNPNVEAKLPVRKSNRRFELQNPKDFVQIFDFPLMVYTVDLNGKYLKIYNCP,0.910918354988098
MKRYWNRRKNRVEDFINKLTSQLSKLFPDAIIIFEDLDKFNMYDKNSNFNRNIDRTNWRKIAKKLEYKSVVLYVNPHYTSKTCPVCGSKMKSQEGQVVKCDKCGIFDRQFNRCYNIFKRGVELAKKLLGNVGVPVAGAEVDDLLSNEPRGEGRLVKPNPNVEAKLPVRKSNRRFELQNPKDFVQIFDFPLMVYTVDLNGKYLKIYNCP,0.915423214435577
MKKYHNRRKNRVEDFINKLTSQLSKLFPDAIFIFEDLDKFNMYDKNSNFNRNIDRTNYRKIAKKLEYKSVVLYVNPHYTSKTCPVCGSKMKSQEGQVWKCDKCGIFDRQFVACYNIFKRGVELAKKLMGGVGVPVAGAEVDDLLSNEPRGELRLVKPNPNVEAKLPVRKSNRRFELQNPKDFVQIFDFPLMVYTVDLNGKYLKIYNCP,0.964371025562286
MKKYWNKRKNRVEDFINKWTSQLSKLYPDAIFIFEDLDKFNMYDKNSYFNRNLDRTNWRKIAKKLEWKSVVLYVNPHYTSKTCPVCGSKMKSQEGQVVKCDKCGIFDRQFNRCYNIFKRGVELAKKLMGNVGVPVAGAEVDDLLSNEPRGELRLVKPNPNVEAKLPVRKSNRRFELQNPKDFVQIFDFPLMVYTVDLNGKYLKIYNCP,0.726927518844604
