sequence,fitness,frag
MKKYWNRRKNRVEDFINKLTSQLSKLFPDAIFIFEDLDKFNMYDKNSNFNRNLDRTNWRKIAKKLEYKSVVLYVNPHYTSKTCPVCGSKMKSQEGQVVKCDKCGIFDRQFVRCYNIFKRGVELAKKLLGGVGVPVAGAEVDDLLSNEPRGELRLVKPNPNVEAKLPVRKSNRRFELQNPKDFVQIFDFPLMVYTVDLNGKYLKIYNCP,0.0,KWRVFINLQSFFFDDDNNLTWRIAKLYPKSQVKDIFDQVRYKLGGVAELRV
MKKYWNRRKNRVEDFINKLTSQLSKLFPDAIIIFEDLDKFNMYDKNSNFNRNLDRTNWRKIAKKLEYKSVVLYVNPHYTSKTCPVCGSKMKSQEGQVVKCDKCGIFDRQFVRCYNIFKRGVELAKKLLGGVGVPVAGAEVDDLLSNEPRGELRLVKPNPNVEAKLPVRKSNRRFELQNPKDFVQIFDFPLMVYTVDLNGKYLKIYNCP,0.2796176274732875,KWRVFINLQSFIFDDDNNLTWRIAKLYPKSQVKDIFDQVRYKLGGVAELRV
MKKYWNRRKNRVEDFINKLTSQLSKLFPDAIFIFEDLDKFNMYDKNSNFNRNLDRTNWRKIAKKLEYKSVVLYVNPHYTSKTCPVCGSKMKSQEGQVFKCDKCGIFDRQFVRCYNIFKRGVELAKKLLGGVGVPVAGAEVDDLLSNEPRGELRLVKPNPNVEAKLPVRKSNRRFELQNPKDFVQIFDFPLMVYTVDLNGKYLKIYNCP,0.27895607001806916,KWRVFINLQSFFFDDDNNLTWRIAKLYPKSQFKDIFDQVRYKLGGVAELRV
MKKYWNKRKNRVEDFINKLTSQLSKLFPDAIFIFEDLDKFNMYDKNSNFNRNLDRTNWRKIAKKLEYKSVVLYVNPHYTSKTCPVCGSKMKSQEGQVVKCDKCGIFDRQFVRCYNIFKRGVELAKKLLGGVGVPVAGAEVDDLLSNEPRGELRLVKPNPNVEAKLPVRKSNRRFELQNPKDFVQIFDFPLMVYTVDLNGKYLKIYNCP,0.27266093116559187,KWKVFINLQSFFFDDDNNLTWRIAKLYPKSQVKDIFDQVRYKLGGVAELRV
MKKYWNRRKNRVEDFINKLTSQLSKLFPDAIFIFEDLDKFNMYDKNSNFNRNLDRWNWRKIAKKLEYKSVVLYVNPHYTSKTCPVCGSKMKSQEGQVVKCDKCGIFDRQFVRCYNIFKRGVELAKKLLGGVGVPVAGAEVDDLLSNEPRGELRLVKPNPNVEAKLPVRKSNRRFELQNPKDFVQIFDFPLMVYTVDLNGKYLKIYNCP,0.2792440356000436,KWRVFINLQSFFFDDDNNLWWRIAKLYPKSQVKDIFDQVRYKLGGVAELRV
MKKYHNRRKNRVEDFINKLTSQLSKLFPDAIFIFEDLKKFNMYDKNSNFNRNLDRTNWRKIAKKLEYKSVVLYVNWHYTSKTCPVCGSKMKSQEGQVFKCPKCGIFDRDFVRCYNIFKRGVELAKKLMGGVGVPTAGAEVDDLLSNEPRGELRLVKPNPNVEAKLPVRKSNRRFELQNPKDFVQIFDFPLMVYTVDLNGKYLKIYNCP,0.0,KHRVFINLQSFFFDKDNNLTWRIAKLYWKSQFKPIFDDVRYKMGGTAELRV
MKKYHNRRKNRVEDFINKLTSQLSKLFPDAIFIFEDLKKFNMYDKNSNFNRNLDRWNWRKIAKKLEYKSVVLYVNWHYTSKTCPVCGSKMKSQEGQVFKCPKCGIFDRDFVRCYNIFKRGVELAKKLMGGVGVPTAGAEVDDLLSNEPRGELRLVKPNPNVEAKLPVRKSNRRFELQNPKDFVQIFDFPLMVYTVDLNGKYLKIYNCP,0.3170833718094607,KHRVFINLQSFFFDKDNNLWWRIAKLYWKSQFKPIFDDVRYKMGGTAELRV
MKKYHNRRKNRVEDFINKLTSQLSKLFPDAIFIFENLKKFNMYDKNSNFNRNLDRTNWRKIAKKLEYKSVVLYVNWHYTSKTCPVCGSKMKSQEGQVFKCPKCGIFDRDFVRCYNIFKRGVELAKKLMGGVGVPTAGAEVDDLLSNEPRGELRLVKPNPNVEAKLPVRKSNRRFELQNPKDFVQIFDFPLMVYTVDLNGKYLKIYNCP,0.3170210116649125,KHRVFINLQSFFFNKDNNLTWRIAKLYWKSQFKPIFDDVRYKMGGTAELRV
MKKYHNRRKNRVEDFINKLTSQLSKLFPDAIFIFEDLKKFNMYDKNSNFNRNLDRTNWRKIAKKLEYKSVVLYVNWHYTSKTCPVCGHKMKSQEGQVFKCPKCGIFDRDFVRCYNIFKRGVELAKKLMGGVGVPTAGAEVDDLLSNEPRGELRLVKPNPNVEAKLPVRKSNRRFELQNPKDFVQIFDFPLMVYTVDLNGKYLKIYNCP,0.3170880986340354,KHRVFINLQSFFFDKDNNLTWRIAKLYWKHQFKPIFDDVRYKMGGTAELRV
MKKYHNRRKNRVEDFHNKLTSQLSKLFPDAIFIFEDLDKFNMYDKNSNFNRNLDRTNWRKIAKKIEYKSVVLYVNWHYTSKTCPVCGHKMKSQEGQVFKCDKCGIFDRQFVRCYNIFKRGVELAKELLGNVGVPVAGAEVDDLLSNEPRGELRLVKPNPNVEAKLPVRKSNRRFELQNPKDFVQIFDFPLMVYTVDLNGKYLKIYNCP,0.0,KHRVFHNLQSFFFDDDNNLTWRIAKIYWKHQFKDIFDQVRYELGNVAELRV
MKKYHNRRKNRVEDFINKLTSQLSKLFPDAIFIFEDLDKFNMYDKNSNFNRNLDRTNWRKIAKKIEYKSVVLYVNWHYTSKTCPVCGHKMKSQEGQVFKCDKCGIFDRQFVRCYNIFKRGVELAKELLGNVGVPVAGAEVDDLLSNEPRGELRLVKPNPNVEAKLPVRKSNRRFELQNPKDFVQIFDFPLMVYTVDLNGKYLKIYNCP,0.20245345716742366,KHRVFINLQSFFFDDDNNLTWRIAKIYWKHQFKDIFDQVRYELGNVAELRV
MKKYHNRRKNRVEDFHNKLTSQLSKLFPDAIFIFEDLDKFNMYDKNSNFNRNLDRTNWRKIAKKIEYKSVVLYVNWHYTSKTCPVCGHKMKSQEGQVFKCDKCGIFNRQFVRCYNIFKRGVELAKELLGNVGVPVAGAEVDDLLSNEPRGELRLVKPNPNVEAKLPVRKSNRRFELQNPKDFVQIFDFPLMVYTVDLNGKYLKIYNCP,0.20094859121552042,KHRVFHNLQSFFFDDDNNLTWRIAKIYWKHQFKDIFNQVRYELGNVAELRV
MKKYHNRRKNRVEDFHNKLTSQLSKLFPDAIFIFEDLDKFNMYDKNSNFNRNLDRWNWRKIAKKIEYKSVVLYVNWHYTSKTCPVCGHKMKSQEGQVFKCDKCGIFDRQFVRCYNIFKRGVELAKELLGNVGVPVAGAEVDDLLSNEPRGELRLVKPNPNVEAKLPVRKSNRRFELQNPKDFVQIFDFPLMVYTVDLNGKYLKIYNCP,0.20027503561095467,KHRVFHNLQSFFFDDDNNLWWRIAKIYWKHQFKDIFDQVRYELGNVAELRV
MKKYHNRRKNRVEDFHNKLTSQLSKLFPDAIFIFEDLDKFNMYDKNSNFNRNLDRTNWRKIAKKIEYKSVVLYVNWHYTSKTCPVCGHKMKSQEGQVFKCDKCGIFDRQFVRCYNIFKRGVELAKELMGNVGVPVAGAEVDDLLSNEPRGELRLVKPNPNVEAKLPVRKSNRRFELQNPKDFVQIFDFPLMVYTVDLNGKYLKIYNCP,0.20040323378061609,KHRVFHNLQSFFFDDDNNLTWRIAKIYWKHQFKDIFDQVRYEMGNVAELRV
MKKYWNRRKNRVEDFIHKLTSQLSKLYPDAIFIFEDLKKFNMYKKNSNFNRRLDRTNWYKIAKKLEYKSVVLYVNPHYTSQTCPVCGSKMKSQEGQVWHCDKCGIFDRQFVRCYNIFKRGVELAKKLLGGVGVPVAGAEVDDLLSNEPRGFGRLVKPNPNVEAKLPVRKSNRRFELQNPKDFVQIFDFPLMVYTVDLNGKYLKIYNCP,0.3678876690473905,KWRVFIHLQSYFFDKKNRLTWYIAKLYPQSQWHDIFDQVRYKLGGVAFGRV
MKKYWNRRKNRVEDFINKLTSQLSKLYPDAIFIFEDLKKFNMYKKNSNFNRRLDRTNWYKIAKKLEYKSVVLYVNPHYTSQTCPVCGSKMKSQEGQVWHCDKCGIFDRQFVRCYNIFKRGVELAKKLLGNVGVPVAGAEVDDLLSNEPRGFGRLVKPNPNVEAKLPVRKSNRRFELQNPKDFVQIFDFPLMVYTVDLNGKYLKIYNCP,0.36788723588724503,KWRVFINLQSYFFDKKNRLTWYIAKLYPQSQWHDIFDQVRYKLGNVAFGRV
MKKYWNRRKNRVEDFINKLTSQLSKLYPDAIFIFEDLKKFNMYKKNSNFNRRLDRTNWYKIAKKLEWKSVVLYVNPHYTSQTCPVCGSKMKSQEGQVWHCDKCGIFDRQFVRCYNIFKRGVELAKKLLGGVGVPVAGAEVDDLLSNEPRGFGRLVKPNPNVEAKLPVRKSNRRFELQNPKDFVQIFDFPLMVYTVDLNGKYLKIYNCP,0.3679438973990271,KWRVFINLQSYFFDKKNRLTWYIAKLWPQSQWHDIFDQVRYKLGGVAFGRV
MKKYWNRRKNRVEDFINKLTSQLSKLYPDAIFIFEDLKKFNMYKKNSNFNRRLDRTNWYKIAKKLEYKSVVLYVNPHYTSQTCPVCGSKMKSQEGQVWHCDKCGIFDRQFVRCYNIFKRGVELAKKLLGGVGVPVAGAEVDDLLSNEPRGFGRLVKPNPNVEAKLPVRKSNRRFELQNPKDFVQIFDFPLMVYTVDLNGKYLKIYNCP,0.0,KWRVFINLQSYFFDKKNRLTWYIAKLYPQSQWHDIFDQVRYKLGGVAFGRV
MKKYWNRRKNRVEDFINKLTSQLSKLYPDAIFIFEDLKKFNMYKKNSNFNRRLDRTNWYKIAKKLEYKSVVLYVNPHYTSQTCPVCGSKMKSQEGQVWHCDKCGIFDRQFVRCYNIFKRGVELAKKLLGGVGVPTAGAEVDDLLSNEPRGFGRLVKPNPNVEAKLPVRKSNRRFELQNPKDFVQIFDFPLMVYTVDLNGKYLKIYNCP,0.3679156175342757,KWRVFINLQSYFFDKKNRLTWYIAKLYPQSQWHDIFDQVRYKLGGTAFGRV
MKKYWNRRKNRVEDFINKLTSQLSKLFPDAIFIFEDLDKFNMYDKNSNFNRNLDRTNWRKIAKKLEYKSVVLYVNPHYTSKTCPVCGYKMKSQEGQVVHCPKCGYFNRQFVACYNIFKRGVELAKELMGGVGVPVTGAEVDDLLSNEPRGELKLVKPNPNVEAKLPVRKSNRRFELQNPKDFVQIFDFPLMVYTVDLNGKYLKIYNCP,0.27482684097851495,KWRVFINLQSFFFDDDNNLTWRIAKLYPKYQVHPYFNQVAYEMGGVTELKV
MKKYWNRRKNRVEDFINKLTSQLSKLFPDAIFIFEDLDKFNMYDKNSNFNRNLDRTNWYKIAKKLEYKSVVLYVNPHYTSKTCPVCGYKMKSQEGQVVHCPKCGYFNRQFVACYNIFKRGVELAKELLGGVGVPVTGAEVDDLLSNEPRGELKLVKPNPNVEAKLPVRKSNRRFELQNPKDFVQIFDFPLMVYTVDLNGKYLKIYNCP,0.2788246922423963,KWRVFINLQSFFFDDDNNLTWYIAKLYPKYQVHPYFNQVAYELGGVTELKV
MKKYWNRRKNRVEDFINKLTSQLSKLFPDAIFIFEDLDKFNMYDKNSNFNRNLDRWNWRKIAKKLEYKSVVLYVNPHYTSKTCPVCGYKMKSQEGQVVHCPKCGYFNRQFVACYNIFKRGVELAKELLGGVGVPVTGAEVDDLLSNEPRGELKLVKPNPNVEAKLPVRKSNRRFELQNPKDFVQIFDFPLMVYTVDLNGKYLKIYNCP,0.2746977283297753,KWRVFINLQSFFFDDDNNLWWRIAKLYPKYQVHPYFNQVAYELGGVTELKV
MKKYWNRRKNRVEDFINKLTSQLSKLFPDAIFIFEDLDKFNMYDKNSNFNRNLDRTNWRKIAKKLEYKSVVLYVNWHYTSKTCPVCGYKMKSQEGQVVHCPKCGYFNRQFVACYNIFKRGVELAKELLGGVGVPVTGAEVDDLLSNEPRGELKLVKPNPNVEAKLPVRKSNRRFELQNPKDFVQIFDFPLMVYTVDLNGKYLKIYNCP,0.27480231012783557,KWRVFINLQSFFFDDDNNLTWRIAKLYWKYQVHPYFNQVAYELGGVTELKV
MKKYWNRRKNRVEDFINKLTSQLSKLFPDAIFIFEDLDKFNMYDKNSNFNRNLDRTNWRKIAKKLEYKSVVLYVNPHYTSKTCPVCGYKMKSQEGQVVHCPKCGYFNRQFVACYNIFKRGVELAKELLGGVGVPVTGAEVDDLLSNEPRGELKLVKPNPNVEAKLPVRKSNRRFELQNPKDFVQIFDFPLMVYTVDLNGKYLKIYNCP,0.0,KWRVFINLQSFFFDDDNNLTWRIAKLYPKYQVHPYFNQVAYELGGVTELKV
MKKYWNRRKNRVEDFINKLTSQLSKLFPDAIFIFEDLDKFNMYDKNSNFNRNLDRTNWRKIAKKLEFKSVVLYVNPHYTSKTCPVCGYKMKSQEGQVVHCPKCGYFNRQFVACYNIFKRGVELAKELLGGVGVPVTGAEVDDLLSNEPRGELKLVKPNPNVEAKLPVRKSNRRFELQNPKDFVQIFDFPLMVYTVDLNGKYLKIYNCP,0.27471995493031987,KWRVFINLQSFFFDDDNNLTWRIAKLFPKYQVHPYFNQVAYELGGVTELKV
MKKYWNRRKNRVEDFINKLTSWLSKLFPDAIIIFEDLDKFNMYDKNSNFNRNLDRWNWRKIAKKLEFKSVVLYVNPHYTSKTCPVCGSKMKSQEGQVWKCPKCGIFNRDFVRCYNIFKRGVELAKELLGGVGVPVAGAEVDDLLSNEPRGELRLVKPNPNVEAKLPVRKSNRRFELQNPKDFVQIFDFPLMVYTVDLNGKYLKIYNCP,0.0,KWRVFINLWSFIFDDDNNLWWRIAKLFPKSQWKPIFNDVRYELGGVAELRV
MKKYWNRRKNRVEDFINKLTSWLSKLFPDAIIIFEDLDKFNMYDKNSYFNRNLDRWNWRKIAKKLEFKSVVLYVNPHYTSKTCPVCGSKMKSQEGQVWKCPKCGIFNRDFVRCYNIFKRGVELAKELLGGVGVPVAGAEVDDLLSNEPRGELRLVKPNPNVEAKLPVRKSNRRFELQNPKDFVQIFDFPLMVYTVDLNGKYLKIYNCP,0.2565949348604773,KWRVFINLWSFIFDDDYNLWWRIAKLFPKSQWKPIFNDVRYELGGVAELRV
MKKYWNRRKNRVEDFINKLTSWLSKLFPDAIIIFENLDKFNMYDKNSNFNRNLDRWNWRKIAKKLEFKSVVLYVNPHYTSKTCPVCGSKMKSQEGQVWKCPKCGIFNRDFVRCYNIFKRGVELAKELLGGVGVPVAGAEVDDLLSNEPRGELRLVKPNPNVEAKLPVRKSNRRFELQNPKDFVQIFDFPLMVYTVDLNGKYLKIYNCP,0.25659450010925366,KWRVFINLWSFIFNDDNNLWWRIAKLFPKSQWKPIFNDVRYELGGVAELRV
MKKYWNRRKNRVEDFINKLTSWLSKLFPDAIIIFEDLDKFNMYDKNSNFNRNLDRWNWRKIAKKLEFKSVVLYVNPHYTSKTCPVCGSKMKSQEGQVWKCPKCGIFNRDFVRCYNIFKRGVELAKKLLGGVGVPVAGAEVDDLLSNEPRGELRLVKPNPNVEAKLPVRKSNRRFELQNPKDFVQIFDFPLMVYTVDLNGKYLKIYNCP,0.2571190081647718,KWRVFINLWSFIFDDDNNLWWRIAKLFPKSQWKPIFNDVRYKLGGVAELRV
MKKYHNRRKNRVEDFINKLTSWLSKLFPDAIIIFEDLDKFNMYDKNSNFNRNLDRWNWRKIAKKLEFKSVVLYVNPHYTSKTCPVCGSKMKSQEGQVWKCPKCGIFNRDFVRCYNIFKRGVELAKELLGGVGVPVAGAEVDDLLSNEPRGELRLVKPNPNVEAKLPVRKSNRRFELQNPKDFVQIFDFPLMVYTVDLNGKYLKIYNCP,0.2568226048156834,KHRVFINLWSFIFDDDNNLWWRIAKLFPKSQWKPIFNDVRYELGGVAELRV
MKKYWNRRKNRVEDFINKLTSWLSKLFPDAIIIFEDLDKFNMYDKNSNFNRNLDRWNWRKIAKKLEFKSVVLYVNPHYTSKTCPVCGYKMKSQEGQVWKCPKCGIFNRDFVRCYNIFKRGVELAKELLGGVGVPVAGAEVDDLLSNEPRGELRLVKPNPNVEAKLPVRKSNRRFELQNPKDFVQIFDFPLMVYTVDLNGKYLKIYNCP,0.25662660629686757,KWRVFINLWSFIFDDDNNLWWRIAKLFPKYQWKPIFNDVRYELGGVAELRV
MKKYWNRRKNRVEDFINKLTSQLSKLFPDAIFIFENLDKFNMYDKNSNFNRNLDRTNFRKIAKKIEFKSVVLYVNPHYTSKTCPVCGSKMKSQEGQVWHCDKCGIFDRDFNRCYNIFKRGVELAKKLMNGVGVPVTGAEVDDLLSNEPRGELRLVKPNPNVEAKLPVRKSNRRFELQNPKDFVQIFDFPLMVYTVDLNGKYLKIYNCP,0.3082812011744849,KWRVFINLQSFFFNDDNNLTFRIAKIFPKSQWHDIFDDNRYKMNGVTELRV
MKKYWNRRKNRVEDFINKLTSQLSKLFPDAIFIFENLDKFNMYDKNSNFNRNLDRTNFRKIAKKIEFKSVVLYVNPHYTSKTCPVCGHKMKSQEGQVWHCDKCGIFDRDFNRCYNIFKRGVELAKKLLNGVGVPVTGAEVDDLLSNEPRGELRLVKPNPNVEAKLPVRKSNRRFELQNPKDFVQIFDFPLMVYTVDLNGKYLKIYNCP,0.30823849454606855,KWRVFINLQSFFFNDDNNLTFRIAKIFPKHQWHDIFDDNRYKLNGVTELRV
MKKYWNRRKNRVEDFINKLTSQLSKLFPDAIFIFENLDKFNMYDKNSNFNRNLDRTNFRKIAKKIEFKSVVLYVNPHYTSKTCPVCGSKMKSQEGQVWHCDKCGIFDRDFNRCYNIFKRGVELAKKLLNGVGVPVTGAEVDDLLSNEPRGELRLVKPNPNVEAKLPVRKSNRRFELQNPKDFVQIFDFPLMVYTVDLNGKYLKIYNCP,0.0,KWRVFINLQSFFFNDDNNLTFRIAKIFPKSQWHDIFDDNRYKLNGVTELRV
MKKYWNRRKNRVEDFINKLTSQLSKLFPDAIFIFENLDKFNMYDKNSNFNRNLDRTNFRKIAKKIEFKSVVLYVNPHYTSKTCPVCGSKMKSQEGQVWHCDKCGIHDRDFNRCYNIFKRGVELAKKLLNGVGVPVTGAEVDDLLSNEPRGELRLVKPNPNVEAKLPVRKSNRRFELQNPKDFVQIFDFPLMVYTVDLNGKYLKIYNCP,0.30824744029271656,KWRVFINLQSFFFNDDNNLTFRIAKIFPKSQWHDIHDDNRYKLNGVTELRV
MKKYWNRRKNRREDFINKLTSQLSKLFPDAIFIFENLDKFNMYDKNSNFNRNLDRTNFRKIAKKIEFKSVVLYVNPHYTSKTCPVCGSKMKSQEGQVWHCDKCGIFDRDFNRCYNIFKRGVELAKKLLNGVGVPVTGAEVDDLLSNEPRGELRLVKPNPNVEAKLPVRKSNRRFELQNPKDFVQIFDFPLMVYTVDLNGKYLKIYNCP,0.3082662631937762,KWRRFINLQSFFFNDDNNLTFRIAKIFPKSQWHDIFDDNRYKLNGVTELRV
MKKYYNKRKNRVEDFINKLTSQLSKLYPDAIFIFEDLKKFNMYDKNSNFNRNLDRTNWRKIAKWLEYKSVVLYVNPHYTSKTCPVCGSKMKSQEGQVVKCPKCGWFDRQFVRCFNIFKRGVELAKELMGGVGVPVAGAEVDDLLSNEPRGELRLVKPNPNVEAKLPVRKSNRRFELQNPKDFVQIFDFPLMVYTVDLNGKYLKIYNCP,0.2140335917549198,KYKVFINLQSYFFDKDNNLTWRIAWLYPKSQVKPWFDQVRFEMGGVAELRV
MKKYYNKRKNRVEDFINKLTSQLSKLYPDAIFIFEDLKKFNMYDKNSNFNRNLDRTNWRKIAKKIEYKSVVLYVNPHYTSKTCPVCGSKMKSQEGQVVKCPKCGWFDRQFVRCFNIFKRGVELAKELMGGVGVPVAGAEVDDLLSNEPRGELRLVKPNPNVEAKLPVRKSNRRFELQNPKDFVQIFDFPLMVYTVDLNGKYLKIYNCP,0.21377045795892333,KYKVFINLQSYFFDKDNNLTWRIAKIYPKSQVKPWFDQVRFEMGGVAELRV
MKKYYNKRKNRVEDFINKLTSQLSKLYPDAIFIFEDLKKFNMYDKNSNFNRNLDRTNWRKIAKKLEYKSVVLYVNPHYTSKTCPVCGSKMKSQEGQVVKCPKCGWFDRQFVRCFNIFKRGVELAKELMGGVGVPVAGAEVDDLLSNEPRGELRLVKPNPNVEAKLPVRKSNRRFELQNPKDFVQIFDFPLMVYTVDLNGKYLKIYNCP,0.0,KYKVFINLQSYFFDKDNNLTWRIAKLYPKSQVKPWFDQVRFEMGGVAELRV
MKKYYNKRKNRVEDFINKLTSQLSKLYPDAIFIFEDLKKFNMYDKNSNFNRNLDRTNWRKIQKKLEYKSVVLYVNPHYTSKTCPVCGSKMKSQEGQVVKCPKCGWFDRQFVRCFNIFKRGVELAKELMGGVGVPVAGAEVDDLLSNEPRGELRLVKPNPNVEAKLPVRKSNRRFELQNPKDFVQIFDFPLMVYTVDLNGKYLKIYNCP,0.21376365512620968,KYKVFINLQSYFFDKDNNLTWRIQKLYPKSQVKPWFDQVRFEMGGVAELRV
MKKYYNKRKNRVEDFINKLTSQLSKLYPDAIFIFEDLKKFNMYDKNSNFNRNLDRTNWRKIAKKLEYKSVVLYVNWHYTSKTCPVCGSKMKSQEGQVVKCPKCGWFDRQFVRCFNIFKRGVELAKELMGGVGVPVAGAEVDDLLSNEPRGELRLVKPNPNVEAKLPVRKSNRRFELQNPKDFVQIFDFPLMVYTVDLNGKYLKIYNCP,0.2138749026934906,KYKVFINLQSYFFDKDNNLTWRIAKLYWKSQVKPWFDQVRFEMGGVAELRV
MKKYYNKRKNRVEDFINKLTSQLSKLYPDAIFIFEDLKKFNMYDKNSNFNRNLDRTNWRKIAKKLEWKSVVLYVNPHYTSKTCPVCGSKMKSQEGQVVKCPKCGWFDRQFVRCFNIFKRGVELAKELMGGVGVPVAGAEVDDLLSNEPRGELRLVKPNPNVEAKLPVRKSNRRFELQNPKDFVQIFDFPLMVYTVDLNGKYLKIYNCP,0.21389231361395442,KYKVFINLQSYFFDKDNNLTWRIAKLWPKSQVKPWFDQVRFEMGGVAELRV
MKKYWNRRKNRVEDFINKLTSWLSKLFPDAIFIFEDLDKFNMYDKNSNFNRNLDRWNWRKIAKWLEYKSVVLYVNWHYTSQTCPVCGSKMKSQEGQVVKCDKCGIHNRQFVRCFNIFKRGVELAKKLLNGVGVPTAGAEVDDLLSNEPRGELRLVKPNPNVEAKLPVRKSNRRFELQNPKDFVQIFDFPLMVYTVDLNGKYLKIYNCP,0.0,KWRVFINLWSFFFDDDNNLWWRIAWLYWQSQVKDIHNQVRFKLNGTAELRV
MKKYWNRRKNRVEDFINKLTSWLSKLFPDAIFIFEDLDKFNMYDKNSNFNRNLDRWNWRKIAKWLEYKSVVLYVNWHYTSQTCPVCGSKMKSQEGQVVKCDKCGIHNRQFVRCYNIFKRGVELAKKLLNGVGVPTAGAEVDDLLSNEPRGELRLVKPNPNVEAKLPVRKSNRRFELQNPKDFVQIFDFPLMVYTVDLNGKYLKIYNCP,0.24027992526268827,KWRVFINLWSFFFDDDNNLWWRIAWLYWQSQVKDIHNQVRYKLNGTAELRV
MKKYWNRRKNRVEDFINKLTSWLSKLFPDAIFIFEDLDKFNMYDKNSNFNRNLDRWNWRKIAKWLEYKSVVLYVNPHYTSQTCPVCGSKMKSQEGQVVKCDKCGIHNRQFVRCFNIFKRGVELAKKLLNGVGVPTAGAEVDDLLSNEPRGELRLVKPNPNVEAKLPVRKSNRRFELQNPKDFVQIFDFPLMVYTVDLNGKYLKIYNCP,0.23971752378029784,KWRVFINLWSFFFDDDNNLWWRIAWLYPQSQVKDIHNQVRFKLNGTAELRV
MKKYWNRRKNRVEDFINKLTSWLSKLFPDAIFIFEDLDKFNMYDKNSNFNRNLDRWNWRKIAKWLEYKSVVLYVNWHYTSQTCPVCGSKMKSQEGQVVKCDKCGIHDRQFVRCFNIFKRGVELAKKLLNGVGVPTAGAEVDDLLSNEPRGELRLVKPNPNVEAKLPVRKSNRRFELQNPKDFVQIFDFPLMVYTVDLNGKYLKIYNCP,0.2402111056908106,KWRVFINLWSFFFDDDNNLWWRIAWLYWQSQVKDIHDQVRFKLNGTAELRV
MKKYWNRRKNRVEDFINKLTSWLSKLFPDAIFIFEDLDKFNMYDKNSNFNRNLDRWNWRKIAKWLEFKSVVLYVNWHYTSQTCPVCGSKMKSQEGQVVKCDKCGIHNRQFVRCFNIFKRGVELAKKLLNGVGVPTAGAEVDDLLSNEPRGELRLVKPNPNVEAKLPVRKSNRRFELQNPKDFVQIFDFPLMVYTVDLNGKYLKIYNCP,0.2394399895402169,KWRVFINLWSFFFDDDNNLWWRIAWLFWQSQVKDIHNQVRFKLNGTAELRV
MKKYWNRRKNRVEDFINKLTSWLSKLFPDAIIIFEDLDKFNMYDKNSNFNRNLDRWNWRKIAKWLEYKSVVLYVNWHYTSQTCPVCGSKMKSQEGQVVKCDKCGIHNRQFVRCFNIFKRGVELAKKLLNGVGVPTAGAEVDDLLSNEPRGELRLVKPNPNVEAKLPVRKSNRRFELQNPKDFVQIFDFPLMVYTVDLNGKYLKIYNCP,0.23943668040638114,KWRVFINLWSFIFDDDNNLWWRIAWLYWQSQVKDIHNQVRFKLNGTAELRV
MKKYWNRRKNRVEDFINKLTSWLSKLFPDAIFIFEDLDKFNMYDKNSNFNRNLDRWNWYKIAKWLEYKSVVLYVNWHYTSQTCPVCGSKMKSQEGQVVKCDKCGIHNRQFVRCFNIFKRGVELAKKLLNGVGVPTAGAEVDDLLSNEPRGELRLVKPNPNVEAKLPVRKSNRRFELQNPKDFVQIFDFPLMVYTVDLNGKYLKIYNCP,0.23944546821741644,KWRVFINLWSFFFDDDNNLWWYIAWLYWQSQVKDIHNQVRFKLNGTAELRV
MKKYYNKRKNRVEDFINKLTSQLSKLFPDAIFIFEDLDKFNMYDKNSNFNRNLDRTNWRKIAKKLEWKSVVLYVNPHYTSKTCPVCGHKMKSQEGQVVKCDKCGIHDRDFVRCYNIFKRGVELAKKLLGGVGVPVAGAEVDDLLSNEPRGFLKLMKPNPNVEAKLPVRKSNRRFELQNPKDFVQIFDFPLMVYTVDLNGKYLKIYNCP,0.0,KYKVFINLQSFFFDDDNNLTWRIAKLWPKHQVKDIHDDVRYKLGGVAFLKM
MKKYYNKRKNRVEDFINKLTSQLSKLFPDAIFIFEDLDKFNMYDKNSNFNRNLDRTNWRKIAKKLEYKSVVLYVNPHYTSKTCPVCGHKMKSQEGQVVKCDKCGIHDRDFVRCYNIFKRGVELAKKLLGGVGVPVAGAEVDDLLSNEPRGFLKLMKPNPNVEAKLPVRKSNRRFELQNPKDFVQIFDFPLMVYTVDLNGKYLKIYNCP,0.3064878684820843,KYKVFINLQSFFFDDDNNLTWRIAKLYPKHQVKDIHDDVRYKLGGVAFLKM
MKKYYNKRKNRVEDFINKLTSQLSKLFPDAIFIFEDLKKFNMYDKNSNFNRNLDRTNWRKIAKKLEWKSVVLYVNPHYTSKTCPVCGHKMKSQEGQVVKCDKCGIHDRDFVRCYNIFKRGVELAKKLLGGVGVPVAGAEVDDLLSNEPRGFLKLMKPNPNVEAKLPVRKSNRRFELQNPKDFVQIFDFPLMVYTVDLNGKYLKIYNCP,0.30621818127532036,KYKVFINLQSFFFDKDNNLTWRIAKLWPKHQVKDIHDDVRYKLGGVAFLKM
MKKYYNKRKNRVEDFINKLTSQLSKLFPDAIFIFEDLDKFNMYDKNSNFNRNLDRTNWRKIAKKLEWKSVVLYVNPHYTSKTCPVCGHKMKSQEGQVVKCDKCGIHDRDFVRCYNIFKRGVELAKKLLGNVGVPVAGAEVDDLLSNEPRGFLKLMKPNPNVEAKLPVRKSNRRFELQNPKDFVQIFDFPLMVYTVDLNGKYLKIYNCP,0.30618050853243833,KYKVFINLQSFFFDDDNNLTWRIAKLWPKHQVKDIHDDVRYKLGNVAFLKM
MKKYYNKRKNRVEDFINKLTSQLSKLFPDAIFIFEDLDKFNMYDKNSNFNRNLDRTNWRKIAKKLEWKSVVLYVNPHYTSKTCPVCGHKMKSQEGQVVKCDKCGIHDRDFVRCYNIFKRGVELAKKLMGGVGVPVAGAEVDDLLSNEPRGFLKLMKPNPNVEAKLPVRKSNRRFELQNPKDFVQIFDFPLMVYTVDLNGKYLKIYNCP,0.3062398141208817,KYKVFINLQSFFFDDDNNLTWRIAKLWPKHQVKDIHDDVRYKMGGVAFLKM
MKKYYNKRKNRVEDFINKLTSQLSKLFPDAIFIFEDLDKFNMYDKNSNFNRNLDRTNWRKIAKKLEWKSVVLYVNPHYTSKTCPVCGHKMKSQEGQVVKCDKCGIHDRQFVRCYNIFKRGVELAKKLLGGVGVPVAGAEVDDLLSNEPRGFLKLMKPNPNVEAKLPVRKSNRRFELQNPKDFVQIFDFPLMVYTVDLNGKYLKIYNCP,0.30674096884458957,KYKVFINLQSFFFDDDNNLTWRIAKLWPKHQVKDIHDQVRYKLGGVAFLKM
MKKYHNRRKNRVEDFINKLTSQLSKLFPDAIFIFEDLDKFNMYDKNSNFNRNLDRWNWRKIQKKLEWKSVVLYVNPHYTSKTCPVCGSKMKSQEGQVVHCDKCGIFDRQFVRCYNIFKRGVELAKKLLGGVGVPVAGAEVDDLLSNEPRGEGKLVKPNPNVEAKLPVRKSNRRFELQNPKDFVQIFDFPLMVYTVDLNGKYLKIYNCP,0.2895027037869108,KHRVFINLQSFFFDDDNNLWWRIQKLWPKSQVHDIFDQVRYKLGGVAEGKV
MKKYHNRRKNRVEDFINKLTSQLSKLFPDAIFIFEDLDKFNMYDKNSNFNRNLDRTNWRKIQKKLEWKSVVLYVNPHYTSKTCPVCGSKMKSQEGQVVHCDKCGIFDRQFVRCYNIFKRGVELAKKLLGGVGVPVAGAEVDDLLSNEPRGEGKLVKPNPNVEAKLPVRKSNRRFELQNPKDFVQIFDFPLMVYTVDLNGKYLKIYNCP,0.0,KHRVFINLQSFFFDDDNNLTWRIQKLWPKSQVHDIFDQVRYKLGGVAEGKV
MKKYHNRRKNRVEDFINKLTSQLSKLFPDAIFIFEDLDKFNMYDKNSNFNRNLDRTNWRKIQKKLEWKSVVLYVNPHYTSKTCPVCGSKMKSQEGQVFHCDKCGIFDRQFVRCYNIFKRGVELAKKLLGGVGVPVAGAEVDDLLSNEPRGEGKLVKPNPNVEAKLPVRKSNRRFELQNPKDFVQIFDFPLMVYTVDLNGKYLKIYNCP,0.2890983814125407,KHRVFINLQSFFFDDDNNLTWRIQKLWPKSQFHDIFDQVRYKLGGVAEGKV
MKKYHNRRKNRVEDFINKLTSQLSKLFPDAIFIFEDLDKFNMYDKNSNFNRNLDRTNWRKIAKKLEWKSVVLYVNPHYTSKTCPVCGSKMKSQEGQVVHCDKCGIFDRQFVRCYNIFKRGVELAKKLLGGVGVPVAGAEVDDLLSNEPRGEGKLVKPNPNVEAKLPVRKSNRRFELQNPKDFVQIFDFPLMVYTVDLNGKYLKIYNCP,0.29804229618228,KHRVFINLQSFFFDDDNNLTWRIAKLWPKSQVHDIFDQVRYKLGGVAEGKV
MKKYHNRRKNRVEDFINKWTSQLSKLFPDAIFIFEDLDKFNMYDKNSNFNRNLDRTNWRKIQKKLEWKSVVLYVNPHYTSKTCPVCGSKMKSQEGQVVHCDKCGIFDRQFVRCYNIFKRGVELAKKLLGGVGVPVAGAEVDDLLSNEPRGEGKLVKPNPNVEAKLPVRKSNRRFELQNPKDFVQIFDFPLMVYTVDLNGKYLKIYNCP,0.2888863065572939,KHRVFINWQSFFFDDDNNLTWRIQKLWPKSQVHDIFDQVRYKLGGVAEGKV
MKKYHNRRKNRVEDFINKLTSWLSKLFPDAIFIFEDLDKFNMYDKNSNFNRNLDRTNWRKIQKKLEWKSVVLYVNPHYTSKTCPVCGSKMKSQEGQVVHCDKCGIFDRQFVRCYNIFKRGVELAKKLLGGVGVPVAGAEVDDLLSNEPRGEGKLVKPNPNVEAKLPVRKSNRRFELQNPKDFVQIFDFPLMVYTVDLNGKYLKIYNCP,0.2889204881755078,KHRVFINLWSFFFDDDNNLTWRIQKLWPKSQVHDIFDQVRYKLGGVAEGKV
MKKYWNRRKNRVEDFINKWTSQLSKLFPDAIFIFENLDKFNMYDKNSNFNRNLDRTNWRKIAKKLEYKSVVLYVNWHYTSKTCPVCGSKMKSQEGQVVKCDKCGYFDRQFVRCYNIFKRGVELAKKLMGGVGVPVAGAEVDDLLSNEPRGEGKLVKPNPNVEAKLPVRKSNRRFELQNPKDFVQIFDFPLMVYTVDLNGKYLKIYNCP,0.0,KWRVFINWQSFFFNDDNNLTWRIAKLYWKSQVKDYFDQVRYKMGGVAEGKV
MKKYWNRRKNRVEDFINKWTSQLSKLFPDAIIIFENLDKFNMYDKNSNFNRNLDRTNWRKIAKKLEYKSVVLYVNWHYTSKTCPVCGSKMKSQEGQVVKCDKCGYFDRQFVRCYNIFKRGVELAKKLMGGVGVPVAGAEVDDLLSNEPRGEGKLVKPNPNVEAKLPVRKSNRRFELQNPKDFVQIFDFPLMVYTVDLNGKYLKIYNCP,0.2359513063170565,KWRVFINWQSFIFNDDNNLTWRIAKLYWKSQVKDYFDQVRYKMGGVAEGKV
MKKYWNRRKNRVEDFINKWTSQLSKLFPDAIFIFENLDKFNMYDKNSNFNRNLDRTNWRKIAKKLEYKSVVLYVNWHYTSKTCPVCGSKMKSQEGQVVKCDKCGYFDRQFVRCYNIFKRGVELAKKLMGGVGVPTAGAEVDDLLSNEPRGEGKLVKPNPNVEAKLPVRKSNRRFELQNPKDFVQIFDFPLMVYTVDLNGKYLKIYNCP,0.23596840851631856,KWRVFINWQSFFFNDDNNLTWRIAKLYWKSQVKDYFDQVRYKMGGTAEGKV
MKKYWNRRKNRVEDFINKWTSQLSKLFPDAIFIFENLDKFNMYDKNSNFNRNLDRTNWRKIAKKLEFKSVVLYVNWHYTSKTCPVCGSKMKSQEGQVVKCDKCGYFDRQFVRCYNIFKRGVELAKKLMGGVGVPVAGAEVDDLLSNEPRGEGKLVKPNPNVEAKLPVRKSNRRFELQNPKDFVQIFDFPLMVYTVDLNGKYLKIYNCP,0.23601310483089538,KWRVFINWQSFFFNDDNNLTWRIAKLFWKSQVKDYFDQVRYKMGGVAEGKV
MKKYWNRRKNRVEDFINKWTSQLSKLFPDAIFIFENLDKFNMYDKNSNFNRNLDRTNWRKIAKKLEYKSVVLYVNWHYTSKTCPVCGYKMKSQEGQVVKCDKCGYFDRQFVRCYNIFKRGVELAKKLMGGVGVPVAGAEVDDLLSNEPRGEGKLVKPNPNVEAKLPVRKSNRRFELQNPKDFVQIFDFPLMVYTVDLNGKYLKIYNCP,0.2359099731714675,KWRVFINWQSFFFNDDNNLTWRIAKLYWKYQVKDYFDQVRYKMGGVAEGKV
MKKYWNRRKNRVEDFINKLTSQLSKLFPDAIFIFENLDKFNMYDKNSNFNRNLDRTNWRKIAKKLEYKSVVLYVNWHYTSKTCPVCGSKMKSQEGQVVKCDKCGYFDRQFVRCYNIFKRGVELAKKLMGGVGVPVAGAEVDDLLSNEPRGEGKLVKPNPNVEAKLPVRKSNRRFELQNPKDFVQIFDFPLMVYTVDLNGKYLKIYNCP,0.24010701498117534,KWRVFINLQSFFFNDDNNLTWRIAKLYWKSQVKDYFDQVRYKMGGVAEGKV
MKKYWNKRKNRVEDFINKWTSQLSKLFPDAIFIFENLDKFNMYDKNSNFNRNLDRTNWRKIAKKLEYKSVVLYVNWHYTSKTCPVCGSKMKSQEGQVVKCDKCGYFDRQFVRCYNIFKRGVELAKKLMGGVGVPVAGAEVDDLLSNEPRGEGKLVKPNPNVEAKLPVRKSNRRFELQNPKDFVQIFDFPLMVYTVDLNGKYLKIYNCP,0.23592051947543677,KWKVFINWQSFFFNDDNNLTWRIAKLYWKSQVKDYFDQVRYKMGGVAEGKV
MKKYWNRRKNRVEDFINKWTSQLSKLFPDAIFIFENLDKFNMYDKNSNFNRNLDRTNWRKIAKKLEYKSVVLYVNPHYTSKTCPVCGSKMKSQEGQVVKCDKCGYFDRQFVRCYNIFKRGVELAKKLMGGVGVPVAGAEVDDLLSNEPRGEGKLVKPNPNVEAKLPVRKSNRRFELQNPKDFVQIFDFPLMVYTVDLNGKYLKIYNCP,0.2388819239964723,KWRVFINWQSFFFNDDNNLTWRIAKLYPKSQVKDYFDQVRYKMGGVAEGKV
MKKYWNRRKNRVEDFINKLTSQLVKLFPDAIIIFEDLDKFNMYDKNSNFNRNLDRTNWRKIAKKLEYKSVVLYVNPHYTSKTCPVCGSKMKSQEGQVWKCDKCGIHDRQFVRCFNIFKRGVELAKKLMGGVGVPVAGAEVDDLLSNEPRGELRLVKPNPNVEAKLPVRKSNRRFELQNPKDFVQIFDFPLMVYTVDLNGKYLKIYNCP,0.0,KWRVFINLQVFIFDDDNNLTWRIAKLYPKSQWKDIHDQVRFKMGGVAELRV
MKKYWNRRKNRVEDFINKLTSQLVKLFPDAIIIFEDLDKFNMYDKNSNFNRNLDRTNWRKIAKKLEYKSVVLYVNWHYTSKTCPVCGSKMKSQEGQVWKCDKCGIHDRQFVRCFNIFKRGVELAKKLMGGVGVPVAGAEVDDLLSNEPRGELRLVKPNPNVEAKLPVRKSNRRFELQNPKDFVQIFDFPLMVYTVDLNGKYLKIYNCP,0.22645732154123654,KWRVFINLQVFIFDDDNNLTWRIAKLYWKSQWKDIHDQVRFKMGGVAELRV
MKKYWNRRKNRVEDFINKLTSQLVKLFPDAIIIFEDLDKFNMYDKNSNFNRNLDRTNWRKIAKKLEYKSVVLYVNPHYTSKTCPVCGSKMKSQEGQVWKCDKCGIHDRQFVRCFNIFKRGVELAKKLMGGVGVPTAGAEVDDLLSNEPRGELRLVKPNPNVEAKLPVRKSNRRFELQNPKDFVQIFDFPLMVYTVDLNGKYLKIYNCP,0.2263293864665935,KWRVFINLQVFIFDDDNNLTWRIAKLYPKSQWKDIHDQVRFKMGGTAELRV
MKKYWNRRKNRVEDFINKLTSQLVKLFPDAIIIFEDLDKFNMYDKNSNFNRNLDRTNWRKIAKKLEFKSVVLYVNPHYTSKTCPVCGSKMKSQEGQVWKCDKCGIHDRQFVRCFNIFKRGVELAKKLMGGVGVPVAGAEVDDLLSNEPRGELRLVKPNPNVEAKLPVRKSNRRFELQNPKDFVQIFDFPLMVYTVDLNGKYLKIYNCP,0.22673232932437903,KWRVFINLQVFIFDDDNNLTWRIAKLFPKSQWKDIHDQVRFKMGGVAELRV
MKKYWNRRKNRVEDFINKLTSQLVKLFPDAIIIFEDLDKFNMYDKNSNFNRNLDRTNWRKIAKKLEYKSVVLYVNPHYTSKTCPVCGSKMKSQEGQVWKCDKCGIHDRQFNRCFNIFKRGVELAKKLMGGVGVPVAGAEVDDLLSNEPRGELRLVKPNPNVEAKLPVRKSNRRFELQNPKDFVQIFDFPLMVYTVDLNGKYLKIYNCP,0.22790157048507434,KWRVFINLQVFIFDDDNNLTWRIAKLYPKSQWKDIHDQNRFKMGGVAELRV
MKRYWNRRKNRVEDFINKLTSQLVKLFPDAIIIFEDLDKFNMYDKNSNFNRNLDRTNWRKIAKKLEYKSVVLYVNPHYTSKTCPVCGSKMKSQEGQVWKCDKCGIHDRQFVRCFNIFKRGVELAKKLMGGVGVPVAGAEVDDLLSNEPRGELRLVKPNPNVEAKLPVRKSNRRFELQNPKDFVQIFDFPLMVYTVDLNGKYLKIYNCP,0.22637763862830718,RWRVFINLQVFIFDDDNNLTWRIAKLYPKSQWKDIHDQVRFKMGGVAELRV
MKKYWNRRKNRVEDFINKLTSQLVKLFPDAIIIFEDLDKFNMYDKNSNFNRNLDRTNWRKIAKKLEYKSVVLYVNPHYTSKTCPVCGSKMKSQEGQVWKCDKCGIHDRQFVRCFNIFKRGVELAKKLMGNVGVPVAGAEVDDLLSNEPRGELRLVKPNPNVEAKLPVRKSNRRFELQNPKDFVQIFDFPLMVYTVDLNGKYLKIYNCP,0.2264257007786593,KWRVFINLQVFIFDDDNNLTWRIAKLYPKSQWKDIHDQVRFKMGNVAELRV
MKKYHNRRKNRVEDFINKLTSQLSKLFPDAIFIFEDLDKFNMYDKNSNFNRNLDRTNWYKIAKKLEYKSVVLYVNPHYTSKTCPVCGSKMKSQEGQVWKCDKCGYFDRQFVRCYNIFKRGVELAKELLGGVGVPVAGAEVDDLLSNEPRGELRLVKPNPNVEAKLPVRKSNRRFELQNPKDFVQIFDFPLMVYTVDLNGKYLKIYNCP,0.0,KHRVFINLQSFFFDDDNNLTWYIAKLYPKSQWKDYFDQVRYELGGVAELRV
MKKYWNRRKNRVEDFINKLTSQLSKLFPDAIFIFEDLDKFNMYDKNSNFNRNLDRTNWYKIAKKLEYKSVVLYVNPHYTSKTCPVCGSKMKSQEGQVWKCDKCGYFDRQFVRCYNIFKRGVELAKELLGGVGVPVAGAEVDDLLSNEPRGELRLVKPNPNVEAKLPVRKSNRRFELQNPKDFVQIFDFPLMVYTVDLNGKYLKIYNCP,0.22543118262632328,KWRVFINLQSFFFDDDNNLTWYIAKLYPKSQWKDYFDQVRYELGGVAELRV
MKKYHNRRKNRVEDFINKLTSQLSKLFPDAIFIFEDLDKFNMYDKNSNFNRNLDRTNWYKIAKKLEYKSVVLYVNPHYTSKTCPVCGSKMKSQEGQVWKCDKCGYHDRQFVRCYNIFKRGVELAKELLGGVGVPVAGAEVDDLLSNEPRGELRLVKPNPNVEAKLPVRKSNRRFELQNPKDFVQIFDFPLMVYTVDLNGKYLKIYNCP,0.20990300395069983,KHRVFINLQSFFFDDDNNLTWYIAKLYPKSQWKDYHDQVRYELGGVAELRV
MKKYWNRRKNRREDFINKLTSWLVKLFPDAIFIFEDLDKFNMYDKNSNFNRRLDRTNWRKIQKKLEYKSVVLYVNPHYTSKTCPVCGSKMKSQEGRVFKCDKCGIFDRQFVACYNIFKRGVELAKKLLNGVGVPVAGAEVDDLLSNEPRGELKLMKPNPNVEAKLPVRKSNRRFELQNPKDFVQIFDFPLMVYTVDLNGKYLKIYNCP,0.25449936627241804,KWRRFINLWVFFFDDDNRLTWRIQKLYPKSRFKDIFDQVAYKLNGVAELKM
MKKYWNRRKNRREDFINKLTSWLVKLFPDAIFIFEDLDKFNMYDKNSNFNRNLDRTNWRKIQKKLEYKSVVLYVNWHYTSKTCPVCGSKMKSQEGRVFKCDKCGIFDRQFVACYNIFKRGVELAKKLLNGVGVPVAGAEVDDLLSNEPRGELKLMKPNPNVEAKLPVRKSNRRFELQNPKDFVQIFDFPLMVYTVDLNGKYLKIYNCP,0.2545095074445125,KWRRFINLWVFFFDDDNNLTWRIQKLYWKSRFKDIFDQVAYKLNGVAELKM
MKKYWNRRKNRREDFINKLTSWLVKLFPDAIFIFEDLDKFNMYDKNSNFNRNLDRTNWYKIQKKLEYKSVVLYVNPHYTSKTCPVCGSKMKSQEGRVFKCDKCGIFDRQFVACYNIFKRGVELAKKLLNGVGVPVAGAEVDDLLSNEPRGELKLMKPNPNVEAKLPVRKSNRRFELQNPKDFVQIFDFPLMVYTVDLNGKYLKIYNCP,0.25448932450133144,KWRRFINLWVFFFDDDNNLTWYIQKLYPKSRFKDIFDQVAYKLNGVAELKM
MKKYWNRRKNRREDFINKLTSWLVKLFPDAIFIFEDLDKFNMYDKNSNFNRNLDRTNWRKIQKKLEYKSVVLYVNPHYTSKTCPVCGHKMKSQEGRVFKCDKCGIFDRQFVACYNIFKRGVELAKKLLNGVGVPVAGAEVDDLLSNEPRGELKLMKPNPNVEAKLPVRKSNRRFELQNPKDFVQIFDFPLMVYTVDLNGKYLKIYNCP,0.25448949507067975,KWRRFINLWVFFFDDDNNLTWRIQKLYPKHRFKDIFDQVAYKLNGVAELKM
MKKYWNRRKNRREDFINKLTSWLVKLFPDAIFIFEDLDKFNMYDKNSNFNRNLDRTNWRKIQKKLEYKSVVLYVNPHYTSKTCPVCGSKMKSQEGRVFKCDKCGIHDRQFVACYNIFKRGVELAKKLLNGVGVPVAGAEVDDLLSNEPRGELKLMKPNPNVEAKLPVRKSNRRFELQNPKDFVQIFDFPLMVYTVDLNGKYLKIYNCP,0.2544920873780008,KWRRFINLWVFFFDDDNNLTWRIQKLYPKSRFKDIHDQVAYKLNGVAELKM
MKKYWNRRKNRREDFINKLTSWLVKLFPDAIFIFEDLDKFNMYDKNSNFNRNLDRTNWRKIQKKLEYKSVVLYVNPHYTSKTCPVCGSKMKSQEGRVFKCDKCGIFDRQFVACYNIFKRGVELAKKLLNGVGVPVAGAEVDDLLSNEPRGELKLMKPNPNVEAKLPVRKSNRRFELQNPKDFVQIFDFPLMVYTVDLNGKYLKIYNCP,0.0,KWRRFINLWVFFFDDDNNLTWRIQKLYPKSRFKDIFDQVAYKLNGVAELKM
MKKYWNRRKNRREDFINKLTSWLVKLFPDAIFIFEDLDKFNMYDKNSNFNRNLDRTNWRKIQKKLEYKSVVLYVNPHYTSKTCPVCGSKMKSQEGRVFKCDKCGIFDRQFVACYNIFKRGVELAKKLLNGVGVPVAGAEVDDLLSNEPRGEGKLMKPNPNVEAKLPVRKSNRRFELQNPKDFVQIFDFPLMVYTVDLNGKYLKIYNCP,0.2545110516200216,KWRRFINLWVFFFDDDNNLTWRIQKLYPKSRFKDIFDQVAYKLNGVAEGKM
MKKYWNRRKNRREDFINKLTSWLVKLFPDAIFIFEDLDKFNMYDKNSNFNRNLDRTNWRKIQKKLEYKSVVLYVNPHYTSKTCPVCGSKMKSQEGRVFKCDKCGIFDRQFVACYNIFKRGVELAKKLLNGVGVPTAGAEVDDLLSNEPRGELKLMKPNPNVEAKLPVRKSNRRFELQNPKDFVQIFDFPLMVYTVDLNGKYLKIYNCP,0.2544897894147484,KWRRFINLWVFFFDDDNNLTWRIQKLYPKSRFKDIFDQVAYKLNGTAELKM
MKKYWNKRKNRREDFINKLTSWLVKLFPDAIFIFEDLDKFNMYDKNSNFNRNLDRTNWRKIQKKLEYKSVVLYVNPHYTSKTCPVCGSKMKSQEGRVFKCDKCGIFDRQFVACYNIFKRGVELAKKLLNGVGVPVAGAEVDDLLSNEPRGELKLMKPNPNVEAKLPVRKSNRRFELQNPKDFVQIFDFPLMVYTVDLNGKYLKIYNCP,0.2544890451002757,KWKRFINLWVFFFDDDNNLTWRIQKLYPKSRFKDIFDQVAYKLNGVAELKM
MKKYWNRRKNRREDFINKLTSWLVKLFPDAIFIFEDLDKFNMYDKNSNFNRNLDRTNWRKIAKKLEYKSVVLYVNPHYTSKTCPVCGSKMKSQEGRVFKCDKCGIFDRQFVACYNIFKRGVELAKKLLNGVGVPVAGAEVDDLLSNEPRGELKLMKPNPNVEAKLPVRKSNRRFELQNPKDFVQIFDFPLMVYTVDLNGKYLKIYNCP,0.2547064175827925,KWRRFINLWVFFFDDDNNLTWRIAKLYPKSRFKDIFDQVAYKLNGVAELKM
MKKYWNRRKNRVEDFINKLTSQLSKLFPDAIFIMENLDKFNMYDKNSNFNRNLDRTNWRKIAKKLEWKSVVLYVNPHYTSKTCPVCGSKMKSQEGRVVKCDKCGYFDRQFVACFNIFKRGVELAKKLLGGVGVPVAGAEVDDLLSNEPRGELRLVKPNPNVEAKLPVRKSNRRFELQNPKDFVQIFDFPLMVYTVDLNGKYLKIYNCP,0.0,KWRVFINLQSFFMNDDNNLTWRIAKLWPKSRVKDYFDQVAFKLGGVAELRV
MKKYWNRRKNRVEDFINKLTSQLSKLFPDAIFIMEDLDKFNMYDKNSNFNRNLDRTNWRKIAKKLEWKSVVLYVNPHYTSKTCPVCGSKMKSQEGRVVKCDKCGYFDRQFVACFNIFKRGVELAKKLLGGVGVPVAGAEVDDLLSNEPRGELRLVKPNPNVEAKLPVRKSNRRFELQNPKDFVQIFDFPLMVYTVDLNGKYLKIYNCP,0.2514227353027088,KWRVFINLQSFFMDDDNNLTWRIAKLWPKSRVKDYFDQVAFKLGGVAELRV
MKKYWNRRKNRVEDFINKLTSQLSKLFPDAIFIMENLDKFNMYDKNSNFNRNLDRTNWRKIQKKLEWKSVVLYVNPHYTSKTCPVCGSKMKSQEGRVVKCDKCGYFDRQFVACFNIFKRGVELAKKLLGGVGVPVAGAEVDDLLSNEPRGELRLVKPNPNVEAKLPVRKSNRRFELQNPKDFVQIFDFPLMVYTVDLNGKYLKIYNCP,0.24870235000404892,KWRVFINLQSFFMNDDNNLTWRIQKLWPKSRVKDYFDQVAFKLGGVAELRV
MKKYWNRRKNRVEDFINKLTSQLSKLFPDAIFIMENLDKFNMYKKNSNFNRNLDRTNWRKIAKKLEWKSVVLYVNPHYTSKTCPVCGSKMKSQEGRVVKCDKCGYFDRQFVACFNIFKRGVELAKKLLGGVGVPVAGAEVDDLLSNEPRGELRLVKPNPNVEAKLPVRKSNRRFELQNPKDFVQIFDFPLMVYTVDLNGKYLKIYNCP,0.24864774217658597,KWRVFINLQSFFMNDKNNLTWRIAKLWPKSRVKDYFDQVAFKLGGVAELRV
MKKYWNRRKNRVEDFINKLTSQLSKLFPDAIFIMENLDKFNMYDKNSNFNRNLDRTNWRKIAKKLEWKSVVLYVNPHYTSKTCPVCGSKMKSQEGRVVKCDKCGYHDRQFVACFNIFKRGVELAKKLLGGVGVPVAGAEVDDLLSNEPRGELRLVKPNPNVEAKLPVRKSNRRFELQNPKDFVQIFDFPLMVYTVDLNGKYLKIYNCP,0.2492248352541288,KWRVFINLQSFFMNDDNNLTWRIAKLWPKSRVKDYHDQVAFKLGGVAELRV
MKKYWNRRKNRVEDFINKLTSQLSKLFPDAIFIMENLDKFNMYDKNSNFNRRLDRTNWRKIAKKLEWKSVVLYVNPHYTSKTCPVCGSKMKSQEGRVVKCDKCGYFDRQFVACFNIFKRGVELAKKLLGGVGVPVAGAEVDDLLSNEPRGELRLVKPNPNVEAKLPVRKSNRRFELQNPKDFVQIFDFPLMVYTVDLNGKYLKIYNCP,0.2486503819426488,KWRVFINLQSFFMNDDNRLTWRIAKLWPKSRVKDYFDQVAFKLGGVAELRV
MKKYWNRRKNRVEDFINKLTSQLSKLFPDAIFIFEDLDKFNMYDKNSNFNRNLDRTNYRKFAKKLEYKSVVLYVNWHYTSKTCPVCGSKMKSQEGQVVKCDKCGYFDRQFNRCYNIFKRGVELAKKLLGGVGVPVTGAEVDDLLSNEPRGELKLVKPNPNVEAKLPVRKSNRRFELQNPKDFVQIFDFPLMVYTVDLNGKYLKIYNCP,0.0,KWRVFINLQSFFFDDDNNLTYRFAKLYWKSQVKDYFDQNRYKLGGVTELKV
MKKYWNRRKNRVEDFIHKLTSQLSKLFPDAIFIFEDLDKFNMYDKNSNFNRNLDRTNYRKFAKKLEYKSVVLYVNWHYTSKTCPVCGSKMKSQEGQVVKCDKCGYFDRQFNRCYNIFKRGVELAKKLLGGVGVPVTGAEVDDLLSNEPRGELKLVKPNPNVEAKLPVRKSNRRFELQNPKDFVQIFDFPLMVYTVDLNGKYLKIYNCP,0.3458334929692855,KWRVFIHLQSFFFDDDNNLTYRFAKLYWKSQVKDYFDQNRYKLGGVTELKV
MKKYWNRRKNRVEDFINKLTSQLSKLFPDAIFIFEDLDKFNMYDKNSNFNRNLDRWNYRKFAKKLEYKSVVLYVNWHYTSKTCPVCGSKMKSQEGQVVKCDKCGYFDRQFNRCYNIFKRGVELAKKLLGGVGVPVTGAEVDDLLSNEPRGELKLVKPNPNVEAKLPVRKSNRRFELQNPKDFVQIFDFPLMVYTVDLNGKYLKIYNCP,0.34571134651799873,KWRVFINLQSFFFDDDNNLWYRFAKLYWKSQVKDYFDQNRYKLGGVTELKV
MKKYWNRRKNRVEDFINKLTSQLSKLFPDAIFIFEDLDKFNMYDKNSNFNRNLDRTNYRKFAKKLEYKSVVLYVNWHYTSKTCPVCGSKMKSQEGQVVKCDKCGYFDRQFNRCYNIFKRGVELAKKLLGGVGVPVTGAEVDDLLSNEPRGEGKLVKPNPNVEAKLPVRKSNRRFELQNPKDFVQIFDFPLMVYTVDLNGKYLKIYNCP,0.3465266746380885,KWRVFINLQSFFFDDDNNLTYRFAKLYWKSQVKDYFDQNRYKLGGVTEGKV
MKKYWNRRKNRVEDFINKLTSQLSKLFPDAIFIFEDLDKFNMYDKNSNFNRNLDRTNYRKFAKKLEFKSVVLYVNWHYTSKTCPVCGSKMKSQEGQVVKCDKCGYFDRQFNRCYNIFKRGVELAKKLLGGVGVPVTGAEVDDLLSNEPRGELKLVKPNPNVEAKLPVRKSNRRFELQNPKDFVQIFDFPLMVYTVDLNGKYLKIYNCP,0.34562450371754944,KWRVFINLQSFFFDDDNNLTYRFAKLFWKSQVKDYFDQNRYKLGGVTELKV
MKKYWNRRKNRVEDFINKLTSQLSKLFPDAIFIFEDLDKFNMYDKNSNFNRNLDRTNYRKFAKKLEYKSVVLYVNWHYTSKTCPVCGSKMKSQEGQVVKCDKCGYFDRQFNRCYNIFKRGVELAKKLMGGVGVPVTGAEVDDLLSNEPRGELKLVKPNPNVEAKLPVRKSNRRFELQNPKDFVQIFDFPLMVYTVDLNGKYLKIYNCP,0.3469058502726174,KWRVFINLQSFFFDDDNNLTYRFAKLYWKSQVKDYFDQNRYKMGGVTELKV
MKKYYNRRKNRVEDFINKLTSQLSKLFPDAIFIFEDLDKFNMYDKNSNFNRNLDRTNYRKFAKKLEYKSVVLYVNWHYTSKTCPVCGSKMKSQEGQVVKCDKCGYFDRQFNRCYNIFKRGVELAKKLLGGVGVPVTGAEVDDLLSNEPRGELKLVKPNPNVEAKLPVRKSNRRFELQNPKDFVQIFDFPLMVYTVDLNGKYLKIYNCP,0.3455332855927783,KYRVFINLQSFFFDDDNNLTYRFAKLYWKSQVKDYFDQNRYKLGGVTELKV
MKRYWNRRKNRVEDFINKLTSWLSKLFPDAIFIFEDLDKFNMYDKNSNFNRNLDRTNYRKIQKKLEYKSVVLYVNPHYTSKTCPVCGYKMKSQEGQVVKCDKCGYFNRQFVRCYNIFKRGVELAKKLLGGVGVPVAGAEVDDLLSNEPRGELRLVKPNPNVEAKLPVRKSNRRFELQNPKDFVQIFDFPLMVYTVDLNGKYLKIYNCP,0.0,RWRVFINLWSFFFDDDNNLTYRIQKLYPKYQVKDYFNQVRYKLGGVAELRV
MKRYWNRRKNRVEDFINKLTSWLSKLFPDAIFIFEDLDKFNMYDKNSNFNRNLDRTNYRKIQKKLEYKSVVLYVNPHYTSKTCPVCGYKMKSQEGQVVKCDKCGYFNRQFVRCYNIFKRGVELAKKLLGNVGVPVAGAEVDDLLSNEPRGELRLVKPNPNVEAKLPVRKSNRRFELQNPKDFVQIFDFPLMVYTVDLNGKYLKIYNCP,0.22396985241076545,RWRVFINLWSFFFDDDNNLTYRIQKLYPKYQVKDYFNQVRYKLGNVAELRV
MKRYWNRRKNRVEDFINKLTSWLSKLFPDAIFIFEDLDKFNMYDKNSNFNRNLDRTNYRKIQKKLEYKSVVLYVNPHYTSKTCPVCGYKMKSQEGQVVKCDKCGYFNRQFVRCYNIFKRGVELAKKLLGGVGVPVAGAEVDDLLSNEPRGFLRLVKPNPNVEAKLPVRKSNRRFELQNPKDFVQIFDFPLMVYTVDLNGKYLKIYNCP,0.22422817868381395,RWRVFINLWSFFFDDDNNLTYRIQKLYPKYQVKDYFNQVRYKLGGVAFLRV
MKRYWNRRKNRVEDFINKLTSWLSKLFPDAIFIFEDLDKFNMYDKNSNFNRNLDRTNYRKIQKKLEYKSVVLYVNPHYTSKTCPVCGYKMKSQEGQVVKCDKCGYFNRDFVRCYNIFKRGVELAKKLLGGVGVPVAGAEVDDLLSNEPRGELRLVKPNPNVEAKLPVRKSNRRFELQNPKDFVQIFDFPLMVYTVDLNGKYLKIYNCP,0.22393636794743468,RWRVFINLWSFFFDDDNNLTYRIQKLYPKYQVKDYFNDVRYKLGGVAELRV
MKRYWNRRKNRVEDFINKLTSWLSKLFPDAIFIFEDLDKFNMYDKNSNFNRNLDRTNYRKIQKKLEYKSVVLYVNPHYTSKTCPVCGYKMKSQEGQVVKCDKCGYFDRQFVRCYNIFKRGVELAKKLLGGVGVPVAGAEVDDLLSNEPRGELRLVKPNPNVEAKLPVRKSNRRFELQNPKDFVQIFDFPLMVYTVDLNGKYLKIYNCP,0.22588922939787323,RWRVFINLWSFFFDDDNNLTYRIQKLYPKYQVKDYFDQVRYKLGGVAELRV
MKKYWNRRKNRVEDFINKLTSQLSKLFPDAIFIMEDLDKFNMYDKNSNFNRNLDRWNWRKIAKWLEYKSVVLYVNPHYTSKTCPVCGSKMKSQEGQVVKCPKCGIHDRQFVRCYNIFKRGVELAKKLMGGVGVPVTGAEVDDLLSNEPRGELRLVKPNPNVEAKLPVRKSNRRFELQNPKDFVQIFDFPLMVYTVDLNGKYLKIYNCP,0.2325639414937252,KWRVFINLQSFFMDDDNNLWWRIAWLYPKSQVKPIHDQVRYKMGGVTELRV
MKKYWNRRKNRVEDFINKLTSQLSKLFPDAIFIMEDLDKFNMYDKNSNFNRNLDRWNWYKIAKWLEYKSVVLYVNPHYTSKTCPVCGSKMKSQEGQVVKCPKCGIFDRQFVRCYNIFKRGVELAKKLMGGVGVPVTGAEVDDLLSNEPRGELRLVKPNPNVEAKLPVRKSNRRFELQNPKDFVQIFDFPLMVYTVDLNGKYLKIYNCP,0.2336695753365582,KWRVFINLQSFFMDDDNNLWWYIAWLYPKSQVKPIFDQVRYKMGGVTELRV
MKKYYNRRKNRVEDFINKLTSQLSKLFPDAIFIMEDLDKFNMYDKNSNFNRNLDRWNWRKIAKWLEYKSVVLYVNPHYTSKTCPVCGSKMKSQEGQVVKCPKCGIFDRQFVRCYNIFKRGVELAKKLMGGVGVPVTGAEVDDLLSNEPRGELRLVKPNPNVEAKLPVRKSNRRFELQNPKDFVQIFDFPLMVYTVDLNGKYLKIYNCP,0.23257683517431219,KYRVFINLQSFFMDDDNNLWWRIAWLYPKSQVKPIFDQVRYKMGGVTELRV
MKKYWNRRKNRVEDFINKLTSQLSKLFPDAIFIMEDLDKFNMYDKNSNFNRNLDRWNWRKIAKWLEYKSVVLYVNPHYTSKTCPVCGYKMKSQEGQVVKCPKCGIFDRQFVRCYNIFKRGVELAKKLMGGVGVPVTGAEVDDLLSNEPRGELRLVKPNPNVEAKLPVRKSNRRFELQNPKDFVQIFDFPLMVYTVDLNGKYLKIYNCP,0.2325000653136586,KWRVFINLQSFFMDDDNNLWWRIAWLYPKYQVKPIFDQVRYKMGGVTELRV
MKKYWNRRKNRVEDFINKLTSQLSKLFPDAIFIMEDLDKFNMYKKNSNFNRNLDRWNWRKIAKWLEYKSVVLYVNPHYTSKTCPVCGSKMKSQEGQVVKCPKCGIFDRQFVRCYNIFKRGVELAKKLMGGVGVPVTGAEVDDLLSNEPRGELRLVKPNPNVEAKLPVRKSNRRFELQNPKDFVQIFDFPLMVYTVDLNGKYLKIYNCP,0.23245849801493468,KWRVFINLQSFFMDDKNNLWWRIAWLYPKSQVKPIFDQVRYKMGGVTELRV
MKKYWNRRKNRVEDFINKLTSQLSKLFPDAIFIMEDLDKFNMYDKNSNFNRNLDRWNWRKIAKWLEYKSVVLYVNPHYTSKTCPVCGSKMKSQEGQVVKCPKCGIFDRQFVRCYNIFKRGVELAKKLMGGVGVPVTGAEVDDLLSNEPRGELRLVKPNPNVEAKLPVRKSNRRFELQNPKDFVQIFDFPLMVYTVDLNGKYLKIYNCP,0.0,KWRVFINLQSFFMDDDNNLWWRIAWLYPKSQVKPIFDQVRYKMGGVTELRV
MKKYWNRRKNRVEDFINKLTSQLSKLFPDAIFIMEDLDKFNMYDKNSNFNRNLDRWNWRKIAKWLEYKSVVLYVNPHYTSKTCPVCGSKMKSQEGRVVKCPKCGIFDRQFVRCYNIFKRGVELAKKLMGGVGVPVTGAEVDDLLSNEPRGELRLVKPNPNVEAKLPVRKSNRRFELQNPKDFVQIFDFPLMVYTVDLNGKYLKIYNCP,0.23251357743201037,KWRVFINLQSFFMDDDNNLWWRIAWLYPKSRVKPIFDQVRYKMGGVTELRV
MKKYWNRRKNRVEDFINKLTSQLSKLFPDAIFIFEDLDKFNMYDKNSNFNRNLDRTNWRKIAKWLEYKSVVLYVNPHYTSKTCPVCGSKMKSQEGQVWKCPKCGWFDRQFVRCYNIFKRGVELAKELLGNVGVPVAGAEVDDLLSNEPRGELRLVKPNPNVEAKLPVRKSNRRFELQNPKDFVQIFDFPLMVYTVDLNGKYLKIYNCP,0.0,KWRVFINLQSFFFDDDNNLTWRIAWLYPKSQWKPWFDQVRYELGNVAELRV
MKKYWNRRKNRVEDFIHKLTSQLSKLFPDAIFIFEDLDKFNMYDKNSNFNRNLDRTNWRKIAKWLEYKSVVLYVNPHYTSKTCPVCGSKMKSQEGQVWKCPKCGWFDRQFVRCYNIFKRGVELAKELLGNVGVPVAGAEVDDLLSNEPRGELRLVKPNPNVEAKLPVRKSNRRFELQNPKDFVQIFDFPLMVYTVDLNGKYLKIYNCP,0.19986870595041226,KWRVFIHLQSFFFDDDNNLTWRIAWLYPKSQWKPWFDQVRYELGNVAELRV
MKKYWNRRKNRVEDFINKLTSWLSKLFPDAIFIFEDLDKFNMYDKNSNFNRNLDRTNWRKIAKWLEYKSVVLYVNPHYTSKTCPVCGSKMKSQEGQVWKCPKCGWFDRQFVRCYNIFKRGVELAKELLGNVGVPVAGAEVDDLLSNEPRGELRLVKPNPNVEAKLPVRKSNRRFELQNPKDFVQIFDFPLMVYTVDLNGKYLKIYNCP,0.20118361628401504,KWRVFINLWSFFFDDDNNLTWRIAWLYPKSQWKPWFDQVRYELGNVAELRV
MKKYWNRRKNRVEDFINKLTSQLSKLFPDAIFIFEDLDKFNMYDKNSNFNRNLDRTNWRKIAKWLEYKSVVLYVNPHYTSKTCPVCGSKMKSQEGQVWKCPKCGWHDRQFVRCYNIFKRGVELAKELLGNVGVPVAGAEVDDLLSNEPRGELRLVKPNPNVEAKLPVRKSNRRFELQNPKDFVQIFDFPLMVYTVDLNGKYLKIYNCP,0.19962323229036363,KWRVFINLQSFFFDDDNNLTWRIAWLYPKSQWKPWHDQVRYELGNVAELRV
MKRYWNRRKNRVEDFINKLTSQLSKLFPDAIFIFEDLDKFNMYDKNSNFNRNLDRTNWRKIAKWLEYKSVVLYVNPHYTSKTCPVCGSKMKSQEGQVWKCPKCGWFDRQFVRCYNIFKRGVELAKELLGNVGVPVAGAEVDDLLSNEPRGELRLVKPNPNVEAKLPVRKSNRRFELQNPKDFVQIFDFPLMVYTVDLNGKYLKIYNCP,0.19951849109771452,RWRVFINLQSFFFDDDNNLTWRIAWLYPKSQWKPWFDQVRYELGNVAELRV
MKKYYNRRKNRVEDFINKLTSQLSKLFPDAIFIFEDLDKFNMYDKNSYFNRNLDRWNWRKIQKKLEWKSVVLYVNPHYTSKTCPVCGSKMKSQEGRVWKCDKCGIFDRQFVRCYNIFKRGVELAKKLLNGVGVPVAGAEVDDLLSNEPRGEGKLVKPNPNVEAKLPVRKSNRRFELQNPKDFVQIFDFPLMVYTVDLNGKYLKIYNCP,0.3445136850783981,KYRVFINLQSFFFDDDYNLWWRIQKLWPKSRWKDIFDQVRYKLNGVAEGKV
MKKYYNRRKNRVEDFINKLTSQLSKLFPDAIFIFEDLDKFNMYDKNSYFNRNLDRWNWRKIQKKLEWKSVVLYVNPHYTSKTCPVCGSKMKSQEGRVWKCDKCGIFDRQFVRCYNIFKRGVELAKKLLNGVGVPVAGAEVDDLLSNEPRGELKLVKPNPNVEAKLPVRKSNRRFELQNPKDFVQIFDFPLMVYTVDLNGKYLKIYNCP,0.0,KYRVFINLQSFFFDDDYNLWWRIQKLWPKSRWKDIFDQVRYKLNGVAELKV
MKKYYNRRKNRVEDFINKLTSQLSKLFPDAIFIFEDLDKFNMYDKNSYFNRNLDRWNWRKIQKKLEWKSVVLYVNPHYTSKTCPVCGSKMKSQEGRVWKCDKCGIFDRQFVRCYNIFKRGVELAKKLMNGVGVPVAGAEVDDLLSNEPRGELKLVKPNPNVEAKLPVRKSNRRFELQNPKDFVQIFDFPLMVYTVDLNGKYLKIYNCP,0.3438999314136833,KYRVFINLQSFFFDDDYNLWWRIQKLWPKSRWKDIFDQVRYKMNGVAELKV
MKKYYNRRKNRVEDFINKLTSQLSKLFPDAIFIFEDLDKFNMYDKNSYFNRNLDRWNWRKIQKKLEWKSVVLYVNWHYTSKTCPVCGSKMKSQEGRVWKCDKCGIFDRQFVRCYNIFKRGVELAKKLLNGVGVPVAGAEVDDLLSNEPRGELKLVKPNPNVEAKLPVRKSNRRFELQNPKDFVQIFDFPLMVYTVDLNGKYLKIYNCP,0.34389788274876143,KYRVFINLQSFFFDDDYNLWWRIQKLWWKSRWKDIFDQVRYKLNGVAELKV
MKKYYNRRKNRVEDFINKLTSQLSKLFPDAIFIFEDLDKFNMYDKNSYFNRNLDRWNWRKIQKKLEWKSVVLYVNPHYTSKTCPVCGSKMKSQEGRVWKCDKCGIFDRQFVRCYNIFKRGVELAKKLLNNVGVPVAGAEVDDLLSNEPRGELKLVKPNPNVEAKLPVRKSNRRFELQNPKDFVQIFDFPLMVYTVDLNGKYLKIYNCP,0.3438658645383684,KYRVFINLQSFFFDDDYNLWWRIQKLWPKSRWKDIFDQVRYKLNNVAELKV
MKKYWNRRKNRVEDFIHKLTSQLSKLFPDAIFIMEDLDKFNMYDKNSNFNRNLDRTNWYKIAKKLEFKSVVLYVNPHYTSKTCPVCGSKMKSQEGQVVHCPKCGIFDRDFNRCYNIFKRGVELAKELMGGVGVPVAGAEVDDLLSNEPRGELRLVKPNPNVEAKLPVRKSNRRFELQNPKDFVQIFDFPLMVYTVDLNGKYLKIYNCP,0.28162693507580133,KWRVFIHLQSFFMDDDNNLTWYIAKLFPKSQVHPIFDDNRYEMGGVAELRV
MKKYWNRRKNRVEDFIHKLTSQLSKLFPDAIFIMEDLDKFNMYDKNSNFNRNLDRTNWRKIAKKLEFKSVVLYVNPHYTSKTCPVCGSKMKSQEGQVVHCPKCGIFDRDFNRCYNIFKRGVELAKELMGGVGVPVAGAEVDDLLSNEPRGELRLVKPNPNVEAKLPVRKSNRRFELQNPKDFVQIFDFPLMVYTVDLNGKYLKIYNCP,0.0,KWRVFIHLQSFFMDDDNNLTWRIAKLFPKSQVHPIFDDNRYEMGGVAELRV
MKKYWNRRKNRVEDFIHKLTSQLSKLFPDAIFIMEDLKKFNMYDKNSNFNRNLDRTNWRKIAKKLEFKSVVLYVNPHYTSKTCPVCGSKMKSQEGQVVHCPKCGIFDRDFNRCYNIFKRGVELAKELMGGVGVPVAGAEVDDLLSNEPRGELRLVKPNPNVEAKLPVRKSNRRFELQNPKDFVQIFDFPLMVYTVDLNGKYLKIYNCP,0.28165454408348223,KWRVFIHLQSFFMDKDNNLTWRIAKLFPKSQVHPIFDDNRYEMGGVAELRV
MKKYWNRRKNRVEDFIHKLTSQLSKLFPDAIFIMENLDKFNMYDKNSNFNRNLDRTNWRKIAKKLEFKSVVLYVNPHYTSKTCPVCGSKMKSQEGQVVHCPKCGIFDRDFNRCYNIFKRGVELAKELMGGVGVPVAGAEVDDLLSNEPRGELRLVKPNPNVEAKLPVRKSNRRFELQNPKDFVQIFDFPLMVYTVDLNGKYLKIYNCP,0.2815693788155829,KWRVFIHLQSFFMNDDNNLTWRIAKLFPKSQVHPIFDDNRYEMGGVAELRV
MKKYYNRRKNRVEDFIHKLTSQLSKLFPDAIFIMEDLDKFNMYDKNSNFNRNLDRTNWRKIAKKLEFKSVVLYVNPHYTSKTCPVCGSKMKSQEGQVVHCPKCGIFDRDFNRCYNIFKRGVELAKELMGGVGVPVAGAEVDDLLSNEPRGELRLVKPNPNVEAKLPVRKSNRRFELQNPKDFVQIFDFPLMVYTVDLNGKYLKIYNCP,0.2815638065739043,KYRVFIHLQSFFMDDDNNLTWRIAKLFPKSQVHPIFDDNRYEMGGVAELRV
MKKYWNRRKNRVEDFINKLTSWLSKLFPDAIFIFEDLDKFNMYDKNSNFNRNIDRWNYRKIAKKIEYKSVVLYVNPHYTSKTCPVCGHKMKSQEGQVVKCDKCGIFNRQFVRCYNIFKRGVELAKKLLNGVGVPVAGAEVDDLLSNEPRGFLRLVKPNPNVEAKLPVRKSNRRFELQNPKDFVQIFDFPLMVYTVDLNGKYLKIYNCP,0.27288857750033263,KWRVFINLWSFFFDDDNNIWYRIAKIYPKHQVKDIFNQVRYKLNGVAFLRV
MKKYWNKRKNRVEDFINKLTSWLSKLFPDAIFIFEDLDKFNMYDKNSNFNRNIDRWNYRKIAKKIEYKSVVLYVNPHYTSKTCPVCGSKMKSQEGQVVKCDKCGIFNRQFVRCYNIFKRGVELAKKLLNGVGVPVAGAEVDDLLSNEPRGFLRLVKPNPNVEAKLPVRKSNRRFELQNPKDFVQIFDFPLMVYTVDLNGKYLKIYNCP,0.27283015907184455,KWKVFINLWSFFFDDDNNIWYRIAKIYPKSQVKDIFNQVRYKLNGVAFLRV
MKKYWNRRKNRVEDFINKLTSWLSKLFPDAIFIFEDLDKFNMYDKNSNFNRNIDRTNYRKIAKKIEYKSVVLYVNPHYTSKTCPVCGSKMKSQEGQVVKCDKCGIFNRQFVRCYNIFKRGVELAKKLLNGVGVPVAGAEVDDLLSNEPRGFLRLVKPNPNVEAKLPVRKSNRRFELQNPKDFVQIFDFPLMVYTVDLNGKYLKIYNCP,0.27413797795531664,KWRVFINLWSFFFDDDNNITYRIAKIYPKSQVKDIFNQVRYKLNGVAFLRV
MKKYWNRRKNRVEDFINKLTSWLSKLFPDAIFIFEDLDKFNMYDKNSNFNRNIDRWNYRKIAKKIEYKSVVLYVNPHYTSKTCPVCGSKMKSQEGQVVKCDKCGIFNRQFVRCYNIFKRGVELAKKLLNGVGVPVAGAEVDDLLSNEPRGFGRLVKPNPNVEAKLPVRKSNRRFELQNPKDFVQIFDFPLMVYTVDLNGKYLKIYNCP,0.2733682044646557,KWRVFINLWSFFFDDDNNIWYRIAKIYPKSQVKDIFNQVRYKLNGVAFGRV
MKKYWNRRKNRVEDFINKLTSWLSKLFPDAIFIFEDLDKFNMYDKNSNFNRNIDRWNYRKIAKKIEYKSVVLYVNPHYTSKTCPVCGSKMKSQEGQVVKCDKCGIFDRQFVRCYNIFKRGVELAKKLLNGVGVPVAGAEVDDLLSNEPRGFLRLVKPNPNVEAKLPVRKSNRRFELQNPKDFVQIFDFPLMVYTVDLNGKYLKIYNCP,0.27422240490416866,KWRVFINLWSFFFDDDNNIWYRIAKIYPKSQVKDIFDQVRYKLNGVAFLRV
MKKYWNRRKNRVEDFINKLTSWLSKLFPDAIFIFEDLDKFNMYDKNSNFNRNIDRWNYRKIAKKIEYKSVVLYVNPHYTSKTCPVCGSKMKSQEGQVVKCDKCGIFNRQFVRCYNIFKRGVELAKKLLNGVGVPVAGAEVDDLLSNEPRGFLRLVKPNPNVEAKLPVRKSNRRFELQNPKDFVQIFDFPLMVYTVDLNGKYLKIYNCP,0.0,KWRVFINLWSFFFDDDNNIWYRIAKIYPKSQVKDIFNQVRYKLNGVAFLRV
MKKYWNRRKNRVEDFINKLTSWLSKLFPDAIFIFEDLDKFNMYDKNSNFNRNIDRWNYRKIAKKIEYKSVVLYVNWHYTSKTCPVCGSKMKSQEGQVVKCDKCGIFNRQFVRCYNIFKRGVELAKKLLNGVGVPVAGAEVDDLLSNEPRGFLRLVKPNPNVEAKLPVRKSNRRFELQNPKDFVQIFDFPLMVYTVDLNGKYLKIYNCP,0.27356772290856723,KWRVFINLWSFFFDDDNNIWYRIAKIYWKSQVKDIFNQVRYKLNGVAFLRV
MKKYWNRRKNRVEDFINKLTSWLSKLFPDAIFIFEDLDKFNMYDKNSNFNRNIDRWNYRKIAKKIEFKSVVLYVNPHYTSKTCPVCGSKMKSQEGQVVKCDKCGIFNRQFVRCYNIFKRGVELAKKLLNGVGVPVAGAEVDDLLSNEPRGFLRLVKPNPNVEAKLPVRKSNRRFELQNPKDFVQIFDFPLMVYTVDLNGKYLKIYNCP,0.27286705825674845,KWRVFINLWSFFFDDDNNIWYRIAKIFPKSQVKDIFNQVRYKLNGVAFLRV
MKKYWNRRKNRVEDFINKLTSWLSKLFPDAIFIFEDLKKFNMYDKNSNFNRNIDRWNYRKIAKKIEYKSVVLYVNPHYTSKTCPVCGSKMKSQEGQVVKCDKCGIFNRQFVRCYNIFKRGVELAKKLLNGVGVPVAGAEVDDLLSNEPRGFLRLVKPNPNVEAKLPVRKSNRRFELQNPKDFVQIFDFPLMVYTVDLNGKYLKIYNCP,0.27281941471955656,KWRVFINLWSFFFDKDNNIWYRIAKIYPKSQVKDIFNQVRYKLNGVAFLRV
MKKYWNRRKNRVEDFINKLTSQLSKLFPDAIFIFEDLDKFNMYDKNSNFNRNLDRTNYRKIAKKLEYKSVVLYVNWHYTSKTCPVCGSKMKSQEGQVVKCDKCGIFDRQFVACYNIFKRGVELAKELLGNVGVPTAGAEVDDLLSNEPRGFLRLVKPNPNVEAKLPVRKSNRRFELQNPKDFVQIFDFPLMVYTVDLNGKYLKIYNCP,0.22952437117819927,KWRVFINLQSFFFDDDNNLTYRIAKLYWKSQVKDIFDQVAYELGNTAFLRV
MKKYWNRRKNRVEDFINKLTSQLSKLFPDAIFIFEDLDKFNMYDKNSNFNRNLDRTNYRKIAKKLEYKSVVLYVNWHYTSKTCPVCGSKMKSQEGQVVKCDKCGIFDRQFVACYNIFKRGVELAKELLGGVGVPTAGAEVDDLLSNEPRGFLRLVKPNPNVEAKLPVRKSNRRFELQNPKDFVQIFDFPLMVYTVDLNGKYLKIYNCP,0.0,KWRVFINLQSFFFDDDNNLTYRIAKLYWKSQVKDIFDQVAYELGGTAFLRV
MKKYWNRRKNRVEDFINKLTSQLSKLFPDAIFIFEDLDKFNMYDKNSNFNRNLDRTNYYKIAKKLEYKSVVLYVNWHYTSKTCPVCGSKMKSQEGQVVKCDKCGIFDRQFVACYNIFKRGVELAKELLGGVGVPTAGAEVDDLLSNEPRGFLRLVKPNPNVEAKLPVRKSNRRFELQNPKDFVQIFDFPLMVYTVDLNGKYLKIYNCP,0.22971569415223594,KWRVFINLQSFFFDDDNNLTYYIAKLYWKSQVKDIFDQVAYELGGTAFLRV
MKKYWNRRKNRVEDFINKLTSQLSKLFPDAIFIFEDLDKFNMYDKNSNFNRNLDRTNWRKIAKKLEYKSVVLYVNWHYTSKTCPVCGSKMKSQEGQVVKCDKCGIFDRQFVACYNIFKRGVELAKELLGGVGVPTAGAEVDDLLSNEPRGFLRLVKPNPNVEAKLPVRKSNRRFELQNPKDFVQIFDFPLMVYTVDLNGKYLKIYNCP,0.23534713316715414,KWRVFINLQSFFFDDDNNLTWRIAKLYWKSQVKDIFDQVAYELGGTAFLRV
MKKYWNRRKNRVEDFINKLTSWLSKLFPDAIFIFEDLDKFNMYDKNSNFNRNLDRTNYRKIAKKLEYKSVVLYVNWHYTSKTCPVCGSKMKSQEGQVVKCDKCGIFDRQFVACYNIFKRGVELAKELLGGVGVPTAGAEVDDLLSNEPRGFLRLVKPNPNVEAKLPVRKSNRRFELQNPKDFVQIFDFPLMVYTVDLNGKYLKIYNCP,0.23019763006805974,KWRVFINLWSFFFDDDNNLTYRIAKLYWKSQVKDIFDQVAYELGGTAFLRV
MKKYWNRRKNRVEDFINKLTSQLSKLFPDAIFIFEDLDKFNMYDKNSNFNRNLDRTNFRKIAKKLEYKSVVLYVNWHYTSKTCPVCGSKMKSQEGQVVKCDKCGIFDRQFVACYNIFKRGVELAKELLGGVGVPTAGAEVDDLLSNEPRGFLRLVKPNPNVEAKLPVRKSNRRFELQNPKDFVQIFDFPLMVYTVDLNGKYLKIYNCP,0.2316081628747812,KWRVFINLQSFFFDDDNNLTFRIAKLYWKSQVKDIFDQVAYELGGTAFLRV
MKRYWNRRKNRVEDFINKLTSQLSKLFPDAIFIFEDLDKFNMYDKNSNFNRNLDRTNYRKIAKKLEYKSVVLYVNWHYTSKTCPVCGSKMKSQEGQVVKCDKCGIFDRQFVACYNIFKRGVELAKELLGGVGVPTAGAEVDDLLSNEPRGFLRLVKPNPNVEAKLPVRKSNRRFELQNPKDFVQIFDFPLMVYTVDLNGKYLKIYNCP,0.22950617063379328,RWRVFINLQSFFFDDDNNLTYRIAKLYWKSQVKDIFDQVAYELGGTAFLRV
MKKYWNRRKNRVEDFINKLTSQLSKLFPDAIFIFEDLDKFNMYDKNSNFNRNLDRTNYRKIAKKLEYKSVVLYVNWHYTSKTCPVCGSKMKSQEGQVVKCDKCGIHDRQFVACYNIFKRGVELAKELLGGVGVPTAGAEVDDLLSNEPRGFLRLVKPNPNVEAKLPVRKSNRRFELQNPKDFVQIFDFPLMVYTVDLNGKYLKIYNCP,0.22961263776791604,KWRVFINLQSFFFDDDNNLTYRIAKLYWKSQVKDIHDQVAYELGGTAFLRV
MKKYWNRRKNRVEDFINKLTSWLSKLFPDAIFIMEDLDKFNMYDKNSNFNRNLDRTNWRKIAKWLEYKSVVLYVNPHYTSKTCPVCGSKMKSQEGQVVKCPKCGWFDRQFVRCFNIFKRGVELAKKLLGGVGVPVAGAEVDDLLSNEPRGELKLVKPNPNVEAKLPVRKSNRRFELQNPKDFVQIFDFPLMVYTVDLNGKYLKIYNCP,0.0,KWRVFINLWSFFMDDDNNLTWRIAWLYPKSQVKPWFDQVRFKLGGVAELKV
MKKYWNRRKNRVEDFINKLTSWLSKLFPDAIFIMEDLDKFNMYDKNSNFNRNLDRTNWRKIAKWLEYKSVVLYVNPHYTSKTCPVCGSKMKSQEGQVFKCPKCGWFDRQFVRCFNIFKRGVELAKKLLGGVGVPVAGAEVDDLLSNEPRGELKLVKPNPNVEAKLPVRKSNRRFELQNPKDFVQIFDFPLMVYTVDLNGKYLKIYNCP,0.23871632907957818,KWRVFINLWSFFMDDDNNLTWRIAWLYPKSQFKPWFDQVRFKLGGVAELKV
MKRYWNRRKNRVEDFINKLTSWLSKLFPDAIFIMEDLDKFNMYDKNSNFNRNLDRTNWRKIAKWLEYKSVVLYVNPHYTSKTCPVCGSKMKSQEGQVVKCPKCGWFDRQFVRCFNIFKRGVELAKKLLGGVGVPVAGAEVDDLLSNEPRGELKLVKPNPNVEAKLPVRKSNRRFELQNPKDFVQIFDFPLMVYTVDLNGKYLKIYNCP,0.23856070010838223,RWRVFINLWSFFMDDDNNLTWRIAWLYPKSQVKPWFDQVRFKLGGVAELKV
MKKYWNRRKNRVEDFINKLTSWLSKLFPDAIFIMEDLDKFNMYDKNSNFNRNLDRTNWRKIAKWLEYKSVVLYVNPHYTSKTCPVCGSKMKSQEGQVVKCPKCGWFDRQFVRCYNIFKRGVELAKKLLGGVGVPVAGAEVDDLLSNEPRGELKLVKPNPNVEAKLPVRKSNRRFELQNPKDFVQIFDFPLMVYTVDLNGKYLKIYNCP,0.24419336935138497,KWRVFINLWSFFMDDDNNLTWRIAWLYPKSQVKPWFDQVRYKLGGVAELKV
